unique_id,ds,Naive,SeasonalNaive,AutoETS,AutoARIMA,LightGBM,NBEATS,NHITS,Chronos,y
hotel_0,2023-06-03,0.691358024691358,0.9753086419753086,0.6651701798416771,0.7613337031660539,0.8516154323074845,0.89766204,0.8407146,0.8418331146240234,0.8641975308641975
hotel_0,2023-06-04,0.691358024691358,0.8888888888888888,0.44619812577350415,0.7465512510002837,0.43730189279353865,0.4785892,0.6466631,0.7902922630310059,0.5061728395061729
hotel_0,2023-06-05,0.691358024691358,0.2716049382716049,0.4630176387175448,0.5168851579924566,0.41416706242462215,0.5414919,0.71662474,0.692937433719635,0.7407407407407407
hotel_0,2023-06-06,0.691358024691358,0.2962962962962963,0.4974787656284047,0.533296779318644,0.5532238917367229,0.5643936,0.7963167,0.6643036603927612,0.7530864197530864
hotel_0,2023-06-07,0.691358024691358,0.3950617283950617,0.49463782357505137,0.576086639673046,0.6311743677589636,0.6098217,0.7557297,0.6528501510620117,0.7530864197530864
hotel_0,2023-06-08,0.691358024691358,0.43209876543209874,0.5302349726523373,0.5933336003838665,0.5538670079655277,0.57121277,0.74657625,0.6814839243888855,0.6049382716049383
hotel_0,2023-06-09,0.691358024691358,0.691358024691358,0.6383032223681587,0.6959873257580027,0.5744613053123326,0.6927023,0.80118954,0.7902922630310059,0.7901234567901234
hotel_0,2023-06-10,0.691358024691358,0.9753086419753086,0.6651701798416771,0.7243921883337511,0.736873823776088,0.824722,0.8726245,0.8647401332855225,0.8518518518518519
hotel_0,2023-06-11,0.691358024691358,0.8888888888888888,0.44619812577350415,0.7194194968446143,0.27948518972918335,0.4971719,0.6580115,0.8017457723617554,0.5308641975308642
hotel_0,2023-06-12,0.691358024691358,0.2716049382716049,0.4630176387175448,0.6306196845691507,0.13414729754487467,0.784575,0.7288424,0.8017457723617554,0.7407407407407407
hotel_0,2023-06-13,0.691358024691358,0.2962962962962963,0.4974787656284047,0.6373269681931484,0.2872260525214668,0.92553174,0.8328038,0.692937433719635,0.7901234567901234
hotel_0,2023-06-14,0.691358024691358,0.3950617283950617,0.49463782357505137,0.6541764619703136,0.45177541543864924,0.8765439,0.7899732,0.7387514710426331,0.8271604938271605
hotel_0,2023-06-15,0.691358024691358,0.43209876543209874,0.5302349726523373,0.6610196632801104,0.4371360940994007,0.84137154,0.7636197,0.7387514710426331,0.7901234567901234
hotel_0,2023-06-16,0.691358024691358,0.691358024691358,0.6383032223681587,0.7010239156881555,0.5324442614012757,1.0004076,0.85572356,0.9620949625968933,0.8395061728395061
hotel_0,2023-06-17,0.691358024691358,0.9753086419753086,0.6651701798416771,0.7121263150414694,0.697196248706712,1.0535834,0.883943,0.8991006016731262,1.0246913580246915
hotel_0,2023-06-18,0.691358024691358,0.8888888888888888,0.44619812577350415,0.7102300766658347,0.27756264611529263,0.5947865,0.63624084,0.9391879439353943,0.6419753086419753
hotel_0,2023-06-19,0.691358024691358,0.2716049382716049,0.4630176387175448,0.6757257165888478,-0.0008973211974243611,0.6034558,0.7288818,0.8991006016731262,0.5308641975308642
hotel_0,2023-06-20,0.691358024691358,0.2962962962962963,0.4974787656284047,0.6783494368760083,0.11682692146256662,0.68244004,0.788033,0.9391879439353943,0.7283950617283951
hotel_0,2023-06-21,0.691358024691358,0.3950617283950617,0.49463782357505137,0.6849112958705657,0.25194123675563806,0.75690997,0.7634169,0.8647401332855225,0.7160493827160493
hotel_0,2023-06-22,0.691358024691358,0.43209876543209874,0.5302349726523373,0.6875787721201552,0.2365479087979862,0.8147288,0.74369127,0.7673853039741516,0.7654320987654321
hotel_0,2023-06-23,0.691358024691358,0.691358024691358,0.6383032223681587,0.7031381374660087,0.37475820521704695,0.9921794,0.83536494,0.7788387537002563,0.8148148148148148
hotel_0,2023-06-24,0.691358024691358,0.9753086419753086,0.6651701798416771,0.7074579206634981,0.5366282816838293,1.0566539,0.8984239,0.8131992816925049,0.9506172839506173
hotel_0,2023-06-25,0.691358024691358,0.8888888888888888,0.44619812577350415,0.7067223918635692,0.1095524032947725,0.6220614,0.66942716,0.8131992816925049,0.5061728395061729
hotel_0,2023-06-26,0.691358024691358,0.2716049382716049,0.4630176387175448,0.6933070219977531,-0.0990203798115036,0.7030395,0.7221292,0.8131992816925049,0.5802469135802469
hotel_0,2023-06-27,0.691358024691358,0.2962962962962963,0.4974787656284047,0.6943279739334994,0.025093096130634346,0.7334486,0.8059361,0.8647401332855225,0.691358024691358
hotel_0,2023-06-28,0.691358024691358,0.3950617283950617,0.49463782357505137,0.6968799500772579,0.1460429906169832,0.69973755,0.7879776,0.8418331146240234,0.654320987654321
hotel_0,2023-06-29,0.691358024691358,0.43209876543209874,0.5302349726523373,0.6979174781103424,0.10748084389163982,0.70345354,0.7396904,0.8418331146240234,0.7160493827160493
hotel_0,2023-06-30,0.691358024691358,0.691358024691358,0.6383032223681587,0.70396772412963,0.1977693269971031,0.7732977,0.80826926,0.8418331146240234,0.8271604938271605
hotel_105,2023-06-03,0.949685534591195,1.0,1.0167414209470118,0.9609203629247076,0.9721958657956467,0.9424414,0.93674153,0.9693240523338318,1.0125786163522013
hotel_105,2023-06-04,0.949685534591195,0.9056603773584906,0.799594433828028,0.8973178959346272,0.7941938653106211,0.7726941,0.93115807,0.8943167924880981,0.9119496855345912
hotel_105,2023-06-05,0.949685534591195,0.9182389937106918,0.9239283380250877,0.9119929291736061,0.9036859376408883,0.86511594,0.95975095,0.9462449550628662,0.9937106918238994
hotel_105,2023-06-06,0.949685534591195,0.9748427672955975,0.9641710582387015,0.9434939588360765,0.931263206088998,0.9403115,1.0167317,0.9635542631149292,1.0062893081761006
hotel_105,2023-06-07,0.949685534591195,1.0125786163522013,0.9588699457111701,0.9631666042634743,0.9602778795837145,0.96369547,0.99926126,0.934705376625061,0.9811320754716981
hotel_105,2023-06-08,0.949685534591195,0.8930817610062893,0.8574510781853502,0.8988767449122643,0.8751643586575236,0.91979074,0.94250226,0.9520147442817688,0.9559748427672956
hotel_105,2023-06-09,0.949685534591195,0.949685534591195,0.9748835792868034,0.926664283660684,0.9268077517276958,0.9702186,0.9557951,0.9577844738960266,0.9811320754716981
hotel_105,2023-06-10,0.949685534591195,1.0,1.0167414209470118,0.9369992955074022,0.9334675232758711,1.0025988,0.974711,0.9693240523338318,1.0062893081761006
hotel_105,2023-06-11,0.949685534591195,0.9056603773584906,0.799594433828028,0.8984306263954973,0.8630333973247613,0.88591826,0.97379595,0.9462449550628662,0.9811320754716981
hotel_105,2023-06-12,0.949685534591195,0.9182389937106918,0.9239283380250877,0.9067451506864608,0.9403743045495269,0.9657911,0.98639655,0.9693240523338318,0.9937106918238994
hotel_105,2023-06-13,0.949685534591195,0.9748427672955975,0.9641710582387015,0.9265587420276644,0.967816046960241,1.0274203,1.0356787,0.9404751658439636,1.0377358490566038
hotel_105,2023-06-14,0.949685534591195,1.0125786163522013,0.9588699457111701,0.9357751592990664,1.008346197199525,1.0236232,1.0195594,0.9462449550628662,1.0125786163522013
hotel_105,2023-06-15,0.949685534591195,0.8930817610062893,0.8574510781853502,0.9005539240019528,0.9018724707021727,0.9376139,0.94885683,0.9173959493637085,1.0188679245283019
hotel_105,2023-06-16,0.949685534591195,0.949685534591195,0.9748835792868034,0.9153876232315068,0.9465966609809185,0.95783496,0.956094,0.9520147442817688,0.9622641509433962
hotel_105,2023-06-17,0.949685534591195,1.0,1.0167414209470118,0.9217144481587954,0.9308901358430586,0.96321607,0.96658736,0.9520147442817688,0.9245283018867925
hotel_105,2023-06-18,0.949685534591195,0.9056603773584906,0.799594433828028,0.8998137551758106,0.8331521037082814,0.858347,0.94094217,0.9577844738960266,0.9937106918238994
hotel_105,2023-06-19,0.949685534591195,0.9182389937106918,0.9239283380250877,0.9037825027118772,0.9052707355277851,0.95474434,0.9636022,0.9520147442817688,1.0062893081761006
hotel_105,2023-06-20,0.949685534591195,0.9748427672955975,0.9641710582387015,0.9161573812383106,0.9635698697229856,1.0238329,1.0058283,0.9520147442817688,1.0062893081761006
hotel_105,2023-06-21,0.949685534591195,1.0125786163522013,0.9588699457111701,0.9207804098346198,1.0120790137217248,1.042592,1.0205991,0.9750938415527344,1.0125786163522013
hotel_105,2023-06-22,0.949685534591195,0.8930817610062893,0.8574510781853502,0.9007596740068379,0.9110220860528846,0.9488828,0.96824956,0.9750938415527344,1.0566037735849056
hotel_105,2023-06-23,0.949685534591195,0.949685534591195,0.9748835792868034,0.9093547803889666,0.9397751120829465,0.9562404,0.9876083,0.9404751658439636,0.9874213836477987
hotel_105,2023-06-24,0.949685534591195,1.0,1.0167414209470118,0.9127340104864601,0.9315014492345286,0.92561096,1.0014368,0.9289355874061584,0.9874213836477987
hotel_105,2023-06-25,0.949685534591195,0.9056603773584906,0.799594433828028,0.9004603351495045,0.8728668977595753,0.7903011,0.99745554,0.9693240523338318,0.9937106918238994
hotel_105,2023-06-26,0.949685534591195,0.9182389937106918,0.9239283380250877,0.9023951630884621,0.94431591571311,0.8524692,1.0236577,0.9693240523338318,1.0188679245283019
hotel_105,2023-06-27,0.949685534591195,0.9748427672955975,0.9641710582387015,0.9097844378591907,0.9746661961506657,0.93601716,1.043701,0.9577844738960266,1.0314465408805031
hotel_105,2023-06-28,0.949685534591195,1.0125786163522013,0.9588699457111701,0.912386401816016,1.0165816220248376,0.93311936,1.0164418,0.9577844738960266,1.0440251572327044
hotel_105,2023-06-29,0.949685534591195,0.8930817610062893,0.8574510781853502,0.9007406490211778,0.9128212080490061,0.8793314,0.9321084,0.9693240523338318,1.0062893081761006
hotel_105,2023-06-30,0.949685534591195,0.949685534591195,0.9748835792868034,0.9058614829720854,0.9513377357542391,0.94154453,0.94061553,0.9577844738960266,1.0
hotel_112,2023-06-03,0.75625,1.0125,0.8246688943418579,0.8136502965188681,0.8098949503629351,0.8179234,0.73522985,0.8150545358657837,0.7375
hotel_112,2023-06-04,0.75625,0.93125,0.7903376527173144,0.8109587772072497,0.8228943365657733,0.8576435,0.7096876,0.9360392093658447,0.7375
hotel_112,2023-06-05,0.75625,0.9375,0.8434935376375269,0.8527162139609764,0.9109502685345774,0.8835565,0.73575175,0.8405250310897827,0.83125
hotel_112,2023-06-06,0.75625,0.7875,0.8447242050752105,0.8577992610418612,0.8610596726591606,0.905861,0.740163,0.92330402135849,0.83125
hotel_112,2023-06-07,0.75625,0.98125,0.8678157012113104,0.8691134495603973,0.9176155372490282,0.9372776,0.74035805,0.904201090335846,0.81875
hotel_112,2023-06-08,0.75625,0.75,0.8556846176835139,0.8583793195771692,0.784708577752137,0.9268734,0.75588,0.9424068331718445,0.85
hotel_112,2023-06-09,0.75625,0.75625,0.8218651744936931,0.850783469919258,0.7005923683816233,0.9358808,0.7607618,0.955142080783844,0.675
hotel_112,2023-06-10,0.75625,1.0125,0.8246688943418579,0.8676701680823115,0.7004331722181689,0.9708383,0.71902275,0.9424068331718445,0.91875
hotel_112,2023-06-11,0.75625,0.93125,0.7903376527173144,0.8497635229844103,0.6941206224115891,0.97981703,0.69380176,0.92330402135849,0.84375
hotel_112,2023-06-12,0.75625,0.9375,0.8434935376375269,0.8751084938558523,0.7142444838651054,0.99627614,0.7103408,0.9169363975524902,0.7375
hotel_112,2023-06-13,0.75625,0.7875,0.8447242050752105,0.8723479369499725,0.6643202263396052,1.0009235,0.72285646,0.9424068331718445,0.9875
hotel_112,2023-06-14,0.75625,0.98125,0.8678157012113104,0.877562483216258,0.7952360691442821,0.9936521,0.74332875,0.9424068331718445,1.00625
hotel_112,2023-06-15,0.75625,0.75,0.8556846176835139,0.864816123420212,0.6806036951314578,0.98970747,0.7735653,0.9169363975524902,1.0125
hotel_112,2023-06-16,0.75625,0.75625,0.8218651744936931,0.8559623480954025,0.6756715077829419,0.9908157,0.7912316,0.8914659023284912,1.00625
hotel_112,2023-06-17,0.75625,1.0125,0.8246688943418579,0.8697058741422021,0.684386587968955,1.0189633,0.75703144,0.8914659023284912,1.00625
hotel_112,2023-06-18,0.75625,0.93125,0.7903376527173144,0.8528285793514926,0.6921972434791757,0.97603995,0.72953063,0.9296716451644897,0.90625
hotel_112,2023-06-19,0.75625,0.9375,0.8434935376375269,0.8749026247049744,0.6922922003850688,0.99467945,0.7495135,0.8914659023284912,0.95
hotel_112,2023-06-20,0.75625,0.7875,0.8447242050752105,0.8720631055317747,0.6321237954629225,1.0038055,0.7485637,0.955142080783844,0.99375
hotel_112,2023-06-21,0.75625,0.98125,0.8678157012113104,0.8764792259917022,0.769356390929415,0.9991728,0.75978607,0.9487744569778442,0.9375
hotel_112,2023-06-22,0.75625,0.75,0.8556846176835139,0.8649317123900948,0.648205029680134,0.9937202,0.78441447,0.9105687141418457,0.99375
hotel_112,2023-06-23,0.75625,0.75625,0.8218651744936931,0.8569174307203123,0.6195543747954676,1.0315309,0.8025004,0.904201090335846,0.7375
hotel_112,2023-06-24,0.75625,1.0125,0.8246688943418579,0.8691300280706776,0.6386607462178852,0.99152243,0.76691556,0.904201090335846,0.75625
hotel_112,2023-06-25,0.75625,0.93125,0.7903376527173144,0.8540060700556128,0.6555502595289486,0.9561921,0.74198776,0.8723630309104919,0.7625
hotel_112,2023-06-26,0.75625,0.9375,0.8434935376375269,0.8737008070671676,0.6613132475763595,0.9570985,0.76176363,0.904201090335846,0.76875
hotel_112,2023-06-27,0.75625,0.7875,0.8447242050752105,0.8711449962110195,0.6040902006232177,0.9550674,0.77179235,0.8468926548957825,0.8625
hotel_112,2023-06-28,0.75625,0.98125,0.8678157012113104,0.8750786695143565,0.7364045438388265,0.94180036,0.7718888,0.9105687141418457,0.89375
hotel_112,2023-06-29,0.75625,0.75,0.8556846176835139,0.8647529152747487,0.6076292292282278,0.91479146,0.79935753,0.8914659023284912,1.0
hotel_112,2023-06-30,0.75625,0.75625,0.8218651744936931,0.8575869009217691,0.5706617422924646,0.93210095,0.8144746,0.9169363975524902,0.96875
hotel_126,2023-06-03,1.00398406374502,1.0079681274900398,0.997042006636073,1.0177681035880792,1.0341534543750794,1.0038221,1.0244228,0.9982225894927979,0.9482071713147411
hotel_126,2023-06-04,1.00398406374502,0.9880478087649402,0.9309823494265196,0.9991886732827119,1.0577019378343961,0.9775126,1.0544653,0.9916118383407593,0.9880478087649402
hotel_126,2023-06-05,1.00398406374502,0.9641434262948207,0.9204551391003566,0.9817132503143002,1.0457524705741932,0.9778794,1.1220626,0.9850010871887207,1.0159362549800797
hotel_126,2023-06-06,1.00398406374502,0.9641434262948207,0.9251424968147317,0.9900800249062918,1.0434132890625485,0.98146385,1.1898981,0.9850010871887207,1.0159362549800797
hotel_126,2023-06-07,1.00398406374502,1.00398406374502,0.9306592414986323,0.9825191180184597,1.0525914231651665,0.98862684,1.1511508,0.9982225894927979,1.0079681274900398
hotel_126,2023-06-08,1.00398406374502,0.8047808764940239,0.9211975136756855,0.9460817788562256,0.9603796692911724,0.95844406,1.1034981,0.9916118383407593,0.9960159362549801
hotel_126,2023-06-09,1.00398406374502,1.00398406374502,0.9943267550499054,0.9832337829468384,1.0093604835119092,0.989801,1.0886244,0.9916118383407593,0.9920318725099602
hotel_126,2023-06-10,1.00398406374502,1.0079681274900398,0.997042006636073,0.9999895932489836,1.038580529643554,1.0073166,1.0826287,0.9916118383407593,1.0
hotel_126,2023-06-11,1.00398406374502,0.9880478087649402,0.9309823494265196,0.9736214298802432,1.043596444697789,0.9821502,1.0873379,0.9916118383407593,1.0
hotel_126,2023-06-12,1.00398406374502,0.9641434262948207,0.9204551391003566,0.982471999067676,1.0772640896587435,0.9787531,1.1311196,0.9982225894927979,0.9920318725099602
hotel_126,2023-06-13,1.00398406374502,0.9641434262948207,0.9251424968147317,0.9775883582734559,1.0766943077761932,0.99853307,1.1608459,0.9982225894927979,1.00398406374502
hotel_126,2023-06-14,1.00398406374502,1.00398406374502,0.9306592414986323,0.9884197529361132,1.0559734285524134,0.9995933,1.1462367,0.9982225894927979,1.0
hotel_126,2023-06-15,1.00398406374502,0.8047808764940239,0.9211975136756855,0.943223599201739,0.9387765921368011,0.9648878,1.1001948,0.9982225894927979,1.00398406374502
hotel_126,2023-06-16,1.00398406374502,1.00398406374502,0.9943267550499054,0.989471923366367,1.0231415334546627,0.9934739,1.0991452,0.9982225894927979,1.0079681274900398
hotel_126,2023-06-17,1.00398406374502,1.0079681274900398,0.997042006636073,0.9903394588999,1.045780369499858,1.0124241,1.0857749,0.9916118383407593,1.00398406374502
hotel_126,2023-06-18,1.00398406374502,0.9880478087649402,0.9309823494265196,0.980792590544692,1.0480715605984574,0.98814535,1.0634054,0.9916118383407593,1.00398406374502
hotel_126,2023-06-19,1.00398406374502,0.9641434262948207,0.9204551391003566,0.9759123177549363,1.0665168325174839,0.9890508,1.1021574,0.9916118383407593,0.9960159362549801
hotel_126,2023-06-20,1.00398406374502,0.9641434262948207,0.9251424968147317,0.9836737342860491,1.0709147853897758,0.99837786,1.1826636,0.9916118383407593,0.9960159362549801
hotel_126,2023-06-21,1.00398406374502,1.00398406374502,0.9306592414986323,0.9815005437786589,1.0658101924597922,0.99738216,1.2083285,0.9916118383407593,1.00398406374502
hotel_126,2023-06-22,1.00398406374502,0.8047808764940239,0.9211975136756855,0.9537743188971589,0.943228245042664,0.96443284,1.1853591,0.9916118383407593,0.9880478087649402
hotel_126,2023-06-23,1.00398406374502,1.00398406374502,0.9943267550499054,0.9828573022648682,1.0270559702981217,0.9849875,1.1971669,0.9982225894927979,1.00398406374502
hotel_126,2023-06-24,1.00398406374502,1.0079681274900398,0.997042006636073,0.9936739479226468,1.04826224930959,1.000176,1.1597667,0.9982225894927979,1.00398406374502
hotel_126,2023-06-25,1.00398406374502,0.9880478087649402,0.9309823494265196,0.9758459751546356,1.060246329216171,0.9773292,1.1261266,0.9982225894927979,1.00398406374502
hotel_126,2023-06-26,1.00398406374502,0.9641434262948207,0.9204551391003566,0.9809200613089207,1.0720741649637813,0.9748441,1.1538352,0.9982225894927979,1.00398406374502
hotel_126,2023-06-27,1.00398406374502,0.9641434262948207,0.9251424968147317,0.9786980003035499,1.0832774148398956,0.98774344,1.1795075,0.9982225894927979,0.9840637450199203
hotel_126,2023-06-28,1.00398406374502,1.00398406374502,0.9306592414986323,0.9853350501804086,1.0946138945576485,0.98387545,1.173527,0.9982225894927979,1.00398406374502
hotel_126,2023-06-29,1.00398406374502,0.8047808764940239,0.9211975136756855,0.9534537702292017,0.9840976588608908,0.95360976,1.1404815,0.9982225894927979,1.00398406374502
hotel_126,2023-06-30,1.00398406374502,1.00398406374502,0.9943267550499054,0.9861574299030864,1.0519110276337456,0.9691463,1.1562955,0.9982225894927979,0.9880478087649402
hotel_133,2023-06-03,0.9836065573770492,1.0,1.037077370061083,0.960791930693265,0.9812446273327284,0.96484095,0.9915252,0.9987218379974365,1.0163934426229508
hotel_133,2023-06-04,0.9836065573770492,0.9016393442622951,0.8576544559535373,0.9144933294224086,0.9033717493573016,0.9063501,0.9802697,0.9808875322341919,0.9180327868852459
hotel_133,2023-06-05,0.9836065573770492,0.8524590163934426,0.889043604439115,0.8923584725214637,0.8753533059416607,0.9089906,0.9900797,0.9689980149269104,0.9508196721311475
hotel_133,2023-06-06,0.9836065573770492,0.8688524590163934,0.9057531881610257,0.8952734608063151,0.8864379615414426,0.92769915,0.99236834,0.9511635899543762,0.9672131147540983
hotel_133,2023-06-07,0.9836065573770492,1.0,0.9245417494255395,0.9372712621034724,0.9776537557649586,0.9578079,0.9956702,0.9987218379974365,0.8852459016393442
hotel_133,2023-06-08,0.9836065573770492,1.0,0.9386354692108162,0.9368752431480593,0.9841741222145588,0.955888,1.0053159,0.9987218379974365,0.9508196721311475
hotel_133,2023-06-09,0.9836065573770492,0.9836065573770492,1.0068598429153672,0.9313436421911535,0.979741469260797,0.96768683,1.0041515,0.9987218379974365,0.9836065573770492
hotel_133,2023-06-10,0.9836065573770492,1.0,1.037077370061083,0.9238023696096956,0.9529620832377551,0.99788415,0.9972956,0.9987218379974365,1.0
hotel_133,2023-06-11,0.9836065573770492,0.9016393442622951,0.8576544559535373,0.9086015291123313,0.8615476712568502,0.9265465,0.9775721,0.9987218379974365,0.8032786885245902
hotel_133,2023-06-12,0.9836065573770492,0.8524590163934426,0.889043604439115,0.9013361647852983,0.8445772082420697,0.9234479,0.98961323,0.9987218379974365,0.9344262295081968
hotel_133,2023-06-13,0.9836065573770492,0.8688524590163934,0.9057531881610257,0.9022876186623865,0.8637436618318972,0.9201366,1.0083425,0.9808875322341919,0.9836065573770492
hotel_133,2023-06-14,0.9836065573770492,1.0,0.9245417494255395,0.9160519485573448,0.9656825349973065,0.9518148,1.0194122,0.9987218379974365,1.0
hotel_133,2023-06-15,0.9836065573770492,1.0,0.9386354692108162,0.9159215034071679,0.9543205475605956,0.94253933,1.027962,0.9987218379974365,1.0
hotel_133,2023-06-16,0.9836065573770492,0.9836065573770492,1.0068598429153672,0.9141081144398068,0.9527262424606652,0.9660151,1.0278183,0.9987218379974365,1.0
hotel_133,2023-06-17,0.9836065573770492,1.0,1.037077370061083,0.9116361537234117,0.9400347623832025,0.97756946,1.0146519,0.9987218379974365,1.0
hotel_133,2023-06-18,0.9836065573770492,0.9016393442622951,0.8576544559535373,0.9066536206635036,0.8500798678628385,0.92039275,0.9941875,0.9987218379974365,0.9836065573770492
hotel_133,2023-06-19,0.9836065573770492,0.8524590163934426,0.889043604439115,0.9042721820026609,0.8230597327877884,0.966534,0.9994646,0.9987218379974365,0.9672131147540983
hotel_133,2023-06-20,0.9836065573770492,0.8688524590163934,0.9057531881610257,0.9045840406449709,0.8342796412976973,0.97947884,0.99803436,0.9808875322341919,0.9344262295081968
hotel_133,2023-06-21,0.9836065573770492,1.0,0.9245417494255395,0.9090956747634993,0.9163817335695501,1.017042,0.99757606,0.9987218379974365,0.8524590163934426
hotel_133,2023-06-22,0.9836065573770492,1.0,0.9386354692108162,0.9090529167577032,0.8948822454249008,0.9986259,0.99994105,0.9987218379974365,0.819672131147541
hotel_133,2023-06-23,0.9836065573770492,0.9836065573770492,1.0068598429153672,0.9084585283689486,0.8973969282501215,0.9686412,1.0090748,0.9987218379974365,0.9344262295081968
hotel_133,2023-06-24,0.9836065573770492,1.0,1.037077370061083,0.9076482752707589,0.8898619374278008,0.95101887,1.002249,0.9987218379974365,1.0163934426229508
hotel_133,2023-06-25,0.9836065573770492,0.9016393442622951,0.8576544559535373,0.9060151133168669,0.7850177694931384,0.91048676,0.9957335,0.9987218379974365,0.8852459016393442
hotel_133,2023-06-26,0.9836065573770492,0.8524590163934426,0.889043604439115,0.9052345314433641,0.773295397451693,0.8937642,1.0150683,0.9808875322341919,0.9836065573770492
hotel_133,2023-06-27,0.9836065573770492,0.8688524590163934,0.9057531881610257,0.9053367516576991,0.7964936172493724,0.9437265,1.0276115,0.9987218379974365,0.9836065573770492
hotel_133,2023-06-28,0.9836065573770492,1.0,0.9245417494255395,0.9068155634965436,0.8847465595416952,0.9737624,1.0095013,0.9987218379974365,0.9508196721311475
hotel_133,2023-06-29,0.9836065573770492,1.0,0.9386354692108162,0.9068015483855714,0.8726680075083407,0.9866926,1.0045952,0.9987218379974365,0.9180327868852459
hotel_133,2023-06-30,0.9836065573770492,0.9836065573770492,1.0068598429153672,0.9066067212855615,0.8771883967895491,0.98284024,0.991383,0.9987218379974365,0.9672131147540983
hotel_14,2023-06-03,0.5660377358490566,0.6981132075471698,0.5856228761722997,0.673643230826088,0.5616692909874339,0.61028486,0.6113825,0.5560829639434814,0.660377358490566
hotel_14,2023-06-04,0.5660377358490566,0.4811320754716981,0.3625967115481431,0.5781643701253001,0.2943122362996241,0.45469195,0.5222569,0.5669865608215332,0.4528301886792453
hotel_14,2023-06-05,0.5660377358490566,0.37735849056603776,0.45754845204892763,0.5334780544573936,0.25722153649867135,0.59263575,0.5791023,0.43614354729652405,0.7452830188679245
hotel_14,2023-06-06,0.5660377358490566,0.49056603773584906,0.5421698752690773,0.5991104323324052,0.31558545371051105,0.5956647,0.6426237,0.5070168375968933,0.8490566037735849
hotel_14,2023-06-07,0.5660377358490566,0.5471698113207547,0.5653450658290413,0.6320791697979489,0.3739265167807105,0.6335302,0.6206613,0.5833419561386108,0.8113207547169812
hotel_14,2023-06-08,0.5660377358490566,0.5188679245283019,0.5209390832107407,0.618580110904849,0.35752690777369406,0.5292478,0.5764763,0.5942455530166626,0.6320754716981132
hotel_14,2023-06-09,0.5660377358490566,0.5660377358490566,0.5554432718610073,0.6444423203559051,0.4617369995543869,0.60376096,0.55887634,0.6160526871681213,0.4716981132075472
hotel_14,2023-06-10,0.5660377358490566,0.6981132075471698,0.5856228761722997,0.7020216503523313,0.452809478019551,0.6008431,0.54285187,0.6433116793632507,0.5660377358490566
hotel_14,2023-06-11,0.5660377358490566,0.4811320754716981,0.3625967115481431,0.6515352915800028,0.18029635734075894,0.38113052,0.40555826,0.5070168375968933,0.3584905660377358
hotel_14,2023-06-12,0.5660377358490566,0.37735849056603776,0.45754845204892763,0.627919954300628,0.12435064770806264,0.48974496,0.43731368,0.46340247988700867,0.6792452830188679
hotel_14,2023-06-13,0.5660377358490566,0.49056603773584906,0.5421698752690773,0.6628419755975755,0.23685025311737798,0.5302609,0.5165644,0.49066147208213806,0.6981132075471698
hotel_14,2023-06-14,0.5660377358490566,0.5471698113207547,0.5653450658290413,0.6803857478365871,0.30818176002776587,0.561713,0.5369474,0.5288240313529968,0.6886792452830188
hotel_14,2023-06-15,0.5660377358490566,0.5188679245283019,0.5209390832107407,0.6732334708588921,0.2986569897438912,0.55245477,0.54067075,0.5669865608215332,0.5849056603773585
hotel_14,2023-06-16,0.5660377358490566,0.5660377358490566,0.5554432718610073,0.6869788705456599,0.37852111813629064,0.64368737,0.5663643,0.621504545211792,0.6132075471698113
hotel_14,2023-06-17,0.5660377358490566,0.6981132075471698,0.5856228761722997,0.7175658119454185,0.3988444437365953,0.64065945,0.5719637,0.6978296041488647,0.6698113207547169
hotel_14,2023-06-18,0.5660377358490566,0.4811320754716981,0.3625967115481431,0.6907535888338132,0.11602216969569268,0.4273721,0.45818654,0.632408082485199,0.5
hotel_14,2023-06-19,0.5660377358490566,0.37735849056603776,0.45754845204892763,0.678212143266046,0.04370436630442169,0.50724816,0.5015894,0.5070168375968933,0.5849056603773585
hotel_14,2023-06-20,0.5660377358490566,0.49056603773584906,0.5421698752690773,0.6967609712112445,0.12186370396511735,0.57667166,0.564527,0.5070168375968933,0.6698113207547169
hotel_14,2023-06-21,0.5660377358490566,0.5471698113207547,0.5653450658290413,0.7060793621139441,0.18873701785098052,0.5491332,0.57146543,0.5996973514556885,0.7264150943396226
hotel_14,2023-06-22,0.5660377358490566,0.5188679245283019,0.5209390832107407,0.7022807764884366,0.1934342318835451,0.44703162,0.56367815,0.621504545211792,0.6981132075471698
hotel_14,2023-06-23,0.5660377358490566,0.5660377358490566,0.5554432718610073,0.7095814677437746,0.27201283953884337,0.54674083,0.6047419,0.6433116793632507,0.7264150943396226
hotel_14,2023-06-24,0.5660377358490566,0.6981132075471698,0.5856228761722997,0.7258271476817256,0.29587353069033523,0.5750701,0.6143363,0.7032814025878906,0.6132075471698113
hotel_14,2023-06-25,0.5660377358490566,0.4811320754716981,0.3625967115481431,0.7115864163927395,0.021470602952152806,0.434738,0.4826471,0.5942455530166626,0.5660377358490566
hotel_14,2023-06-26,0.5660377358490566,0.37735849056603776,0.45754845204892763,0.704925301105142,-0.06039657490957144,0.47035503,0.4983092,0.47430604696273804,0.5943396226415094
hotel_14,2023-06-27,0.5660377358490566,0.49056603773584906,0.5421698752690773,0.7147771375091044,0.016895337039947667,0.5011388,0.55468965,0.5015650391578674,0.5377358490566038
hotel_14,2023-06-28,0.5660377358490566,0.5471698113207547,0.5653450658290413,0.7197264133783504,0.07956696362042635,0.5056218,0.5477208,0.5833419561386108,0.5566037735849056
hotel_14,2023-06-29,0.5660377358490566,0.5188679245283019,0.5209390832107407,0.7177088750618881,0.08156354227530789,0.5515592,0.5264068,0.632408082485199,0.7641509433962265
hotel_14,2023-06-30,0.5660377358490566,0.5660377358490566,0.5554432718610073,0.7215864881821454,0.14864365448973482,0.6660333,0.5502233,0.632408082485199,0.5188679245283019
hotel_21,2023-06-03,1.0,1.0092592592592593,0.9965671900805182,1.0183145507042932,1.0282420190952763,0.9963611,1.0186114,0.9889963269233704,1.0046296296296295
hotel_21,2023-06-04,1.0,1.0046296296296295,0.9338321213004529,0.9815364194242716,1.0376936180716168,0.9366282,0.9753422,0.9889963269233704,0.9814814814814815
hotel_21,2023-06-05,1.0,0.75,0.9388737130839176,0.9236224347681635,0.8784314961474567,0.88604,0.97632116,0.9336678981781006,1.0
hotel_21,2023-06-06,1.0,0.75,0.9832132560252524,0.9189824803713595,0.8922461189493904,0.9177287,1.0022025,0.9405839443206787,0.9675925925925926
hotel_21,2023-06-07,1.0,0.8981481481481481,1.0058085506131955,0.9398637501270095,0.9227994095397689,0.96182233,1.0171291,0.9405839443206787,0.9583333333333334
hotel_21,2023-06-08,1.0,0.9444444444444444,1.0019568781737052,0.9692611876030279,0.9502605800902576,0.97284526,0.99663347,0.995912492275238,1.0
hotel_21,2023-06-09,1.0,1.0,0.9885692352917795,0.967961343093807,0.9557991097963456,1.0019124,1.0075333,0.968248188495636,0.9907407407407407
hotel_21,2023-06-10,1.0,1.0092592592592593,0.9965671900805182,0.9730301526874553,1.0152424136792044,1.006479,1.0149888,0.9336678981781006,1.0231481481481481
hotel_21,2023-06-11,1.0,1.0046296296296295,0.9338321213004529,0.9715869695684219,1.0482287248313555,0.9733552,0.9778464,0.9405839443206787,0.9861111111111112
hotel_21,2023-06-12,1.0,0.75,0.9388737130839176,0.9406324373276673,0.890701083811694,0.9211447,0.9755502,0.968248188495636,1.0
hotel_21,2023-06-13,1.0,0.75,0.9832132560252524,0.9500680369531729,0.9139704293587115,0.9316982,1.0135521,0.9613320827484131,0.9768518518518519
hotel_21,2023-06-14,1.0,0.8981481481481481,1.0058085506131955,0.9522705363009193,0.9468800792354686,0.9495065,1.034728,0.954416036605835,0.9722222222222222
hotel_21,2023-06-15,1.0,0.9444444444444444,1.0019568781737052,0.9537862889559257,0.966327980668013,0.95207125,1.0231186,0.9889963269233704,0.9953703703703703
hotel_21,2023-06-16,1.0,1.0,0.9885692352917795,0.9636223502259628,0.989947786260941,0.98573697,1.0196034,0.9820802807807922,1.0
hotel_21,2023-06-17,1.0,1.0092592592592593,0.9965671900805182,0.9556972284749985,1.0186094805608905,1.0110836,1.0277432,0.9889963269233704,1.0
hotel_21,2023-06-18,1.0,1.0046296296296295,0.9338321213004529,0.9583449097940998,1.036295326509681,0.97301346,0.9626926,0.9889963269233704,0.9583333333333334
hotel_21,2023-06-19,1.0,0.75,0.9388737130839176,0.9534026145336598,0.8679504607480184,0.9465354,0.9546362,0.995912492275238,0.9768518518518519
hotel_21,2023-06-20,1.0,0.75,0.9832132560252524,0.9483885471863162,0.8981280255592679,0.96431994,0.9718398,0.9820802807807922,0.9814814814814815
hotel_21,2023-06-21,1.0,0.8981481481481481,1.0058085506131955,0.955974188587576,0.9544348587781286,0.98785913,0.9795417,0.9751642346382141,0.9629629629629629
hotel_21,2023-06-22,1.0,0.9444444444444444,1.0019568781737052,0.9531722560011028,0.98278966556538,0.97410077,0.98477596,0.9751642346382141,0.9814814814814815
hotel_21,2023-06-23,1.0,1.0,0.9885692352917795,0.9539298530771152,1.0058845288277607,0.9922988,1.0069025,0.9751642346382141,0.9351851851851852
hotel_21,2023-06-24,1.0,1.0092592592592593,0.9965671900805182,0.9569648370426673,1.0308615905975298,1.0115421,1.0366746,0.954416036605835,1.0
hotel_21,2023-06-25,1.0,1.0046296296296295,0.9338321213004529,0.9522164410250293,1.0389609994200881,0.9809349,0.9942818,0.9751642346382141,0.9166666666666666
hotel_21,2023-06-26,1.0,0.75,0.9388737130839176,0.9537533518093475,0.8755943311624046,0.9230154,0.98799884,0.968248188495636,0.9861111111111112
hotel_21,2023-06-27,1.0,0.75,0.9832132560252524,0.9531893768340293,0.8952887446580394,0.93729275,1.0284868,0.9405839443206787,1.0
hotel_21,2023-06-28,1.0,0.8981481481481481,1.0058085506131955,0.9516627520949962,0.9411575599843363,0.95539516,1.0320239,0.9751642346382141,0.9953703703703703
hotel_21,2023-06-29,1.0,0.9444444444444444,1.0019568781737052,0.9550148784813126,0.9664468869230552,0.96863383,1.0203372,0.9751642346382141,0.9907407407407407
hotel_21,2023-06-30,1.0,1.0,0.9885692352917795,0.9527101343446399,0.9819854092615362,0.9741743,1.0178957,0.9336678981781006,0.9074074074074074
hotel_35,2023-06-03,0.55078125,0.515625,0.5229484063078094,0.5381670586237031,0.5074038100232917,0.60169524,0.54833597,0.5481824278831482,0.533203125
hotel_35,2023-06-04,0.55078125,0.6015625,0.5068543749575442,0.5299888085912816,0.5216335058563603,0.6527891,0.58838904,0.5511296391487122,0.568359375
hotel_35,2023-06-05,0.55078125,0.654296875,0.5720222699067338,0.5704549794414192,0.6142249023879928,0.7348448,0.6529634,0.5393407344818115,0.60546875
hotel_35,2023-06-06,0.55078125,0.63671875,0.6117736796790747,0.5809117305655382,0.6128564902807772,0.79409146,0.69012403,0.5304991006851196,0.595703125
hotel_35,2023-06-07,0.55078125,0.529296875,0.6077387983316962,0.5576492813561517,0.49526108674186875,0.77682483,0.70189714,0.5511296391487122,0.65625
hotel_35,2023-06-08,0.55078125,0.53125,0.5874570023570584,0.5393713040830811,0.4428606218905764,0.65130067,0.67373395,0.5511296391487122,0.654296875
hotel_35,2023-06-09,0.55078125,0.55078125,0.5545927122659294,0.5302040903872457,0.4264493555155914,0.6311402,0.62428886,0.5363935232162476,0.705078125
hotel_35,2023-06-10,0.55078125,0.515625,0.5229484063078094,0.5185861528309728,0.39147164145369506,0.5566873,0.627608,0.5393407344818115,0.587890625
hotel_35,2023-06-11,0.55078125,0.6015625,0.5068543749575442,0.5110538112514087,0.38433705306301996,0.585883,0.6760128,0.5422880053520203,0.599609375
hotel_35,2023-06-12,0.55078125,0.654296875,0.5720222699067338,0.54832401209534,0.4643808097161909,0.65587044,0.74875456,0.5334463119506836,0.70703125
hotel_35,2023-06-13,0.55078125,0.63671875,0.6117736796790747,0.5579549014625161,0.4953127526449418,0.63323337,0.8022924,0.565865695476532,0.78125
hotel_35,2023-06-14,0.55078125,0.529296875,0.6077387983316962,0.5365296928020175,0.431545861378403,0.61919975,0.8065251,0.5452352166175842,0.8359375
hotel_35,2023-06-15,0.55078125,0.53125,0.5874570023570584,0.5196952884174021,0.4057802736760363,0.5731255,0.7828082,0.5275518894195557,0.83203125
hotel_35,2023-06-16,0.55078125,0.55078125,0.5545927122659294,0.5112520903473811,0.3928465112054933,0.6254926,0.70836526,0.5304991006851196,0.693359375
hotel_35,2023-06-17,0.55078125,0.515625,0.5229484063078094,0.5005517236702837,0.3708373780634261,0.6046749,0.6834748,0.5452352166175842,0.630859375
hotel_35,2023-06-18,0.55078125,0.6015625,0.5068543749575442,0.49361427746280556,0.3795492429301615,0.67673725,0.67275876,0.518710196018219,0.56640625
hotel_35,2023-06-19,0.55078125,0.654296875,0.5720222699067338,0.5279409222074058,0.4738936867715025,0.7680595,0.7110472,0.515762984752655,0.619140625
hotel_35,2023-06-20,0.55078125,0.63671875,0.6117736796790747,0.5368111753961657,0.47197325391087,0.6908846,0.74509656,0.515762984752655,0.58203125
hotel_35,2023-06-21,0.55078125,0.529296875,0.6077387983316962,0.5170781042129009,0.3832029096925367,0.63654506,0.76152563,0.4921852946281433,0.59375
hotel_35,2023-06-22,0.55078125,0.53125,0.5874570023570584,0.5015732610483188,0.34475687989951154,0.54639536,0.78494495,0.486290842294693,0.77734375
hotel_35,2023-06-23,0.55078125,0.55078125,0.5545927122659294,0.4937968967117929,0.33275438648334404,0.50033695,0.7559757,0.4774492084980011,0.859375
hotel_35,2023-06-24,0.55078125,0.515625,0.5229484063078094,0.4839416322580331,0.2783881355947471,0.47339284,0.7639697,0.5039741396903992,0.72265625
hotel_35,2023-06-25,0.55078125,0.6015625,0.5068543749575442,0.47755209729426723,0.3031384984402788,0.65221155,0.78591037,0.48334363102912903,0.7421875
hotel_35,2023-06-26,0.55078125,0.654296875,0.5720222699067338,0.5091676644964993,0.41515233856323175,0.7641903,0.82755685,0.4774492084980011,0.8359375
hotel_35,2023-06-27,0.55078125,0.63671875,0.6117736796790747,0.5173373556468167,0.43056269902161454,0.7336847,0.83671343,0.4774492084980011,0.919921875
hotel_35,2023-06-28,0.55078125,0.529296875,0.6077387983316962,0.4991627789370124,0.3323226443587066,0.6743519,0.83978707,0.46860751509666443,0.89453125
hotel_35,2023-06-29,0.55078125,0.53125,0.5874570023570584,0.4848824898299034,0.274156593875733,0.55757123,0.81446344,0.4715547263622284,0.8046875
hotel_35,2023-06-30,0.55078125,0.55078125,0.5545927122659294,0.4777202934923441,0.25667605260950727,0.56747246,0.7688134,0.47450199723243713,0.6953125
hotel_42,2023-06-03,0.5789473684210527,1.0,0.6235235371777318,0.6057803806822362,0.7675639677342767,0.545014,0.73410535,0.6118417382240295,0.6720647773279352
hotel_42,2023-06-04,0.5789473684210527,0.9959514170040485,0.2771541095301263,0.7180209357787825,0.39920845868616184,0.5731144,0.46053368,0.5058534741401672,0.562753036437247
hotel_42,2023-06-05,0.5789473684210527,0.21862348178137653,0.3575462852718987,0.5034445669151302,0.32970820207563867,0.74068886,0.6171396,0.6648359298706055,0.7408906882591093
hotel_42,2023-06-06,0.5789473684210527,0.25101214574898784,0.46404466213726625,0.5734298321160863,0.38346693954877387,0.5238484,0.8215337,0.7515536546707153,0.8623481781376519
hotel_42,2023-06-07,0.5789473684210527,0.27530364372469635,0.44306693331262137,0.5380824113829021,0.24784159912438736,0.5317271,0.83201915,0.8960831761360168,0.6761133603238867
hotel_42,2023-06-08,0.5789473684210527,0.30364372469635625,0.44864531913861794,0.5878896612389426,0.2844324164638177,0.60883296,0.7336232,0.9249891042709351,0.7004048582995951
hotel_42,2023-06-09,0.5789473684210527,0.5789473684210527,0.5164536633446177,0.6160553033806992,0.5222925911792985,0.7214757,0.79124033,0.9346243739128113,0.8502024291497976
hotel_42,2023-06-10,0.5789473684210527,1.0,0.6235235371777318,0.6550059930960289,0.5945028837342653,0.7888535,0.8298644,0.9201714396476746,0.9473684210526315
hotel_42,2023-06-11,0.5789473684210527,0.9959514170040485,0.2771541095301263,0.6524522429854998,0.18649719019009137,0.57565665,0.51948214,0.9731656312942505,0.4291497975708502
hotel_42,2023-06-12,0.5789473684210527,0.21862348178137653,0.3575462852718987,0.6286493074348705,-0.0989996421156194,0.56601346,0.625986,0.9057185053825378,0.4898785425101215
hotel_42,2023-06-13,0.5789473684210527,0.25101214574898784,0.46404466213726625,0.6222267847427133,0.12636611007062098,0.5936859,0.84177464,0.9153537750244141,1.0121457489878543
hotel_42,2023-06-14,0.5789473684210527,0.27530364372469635,0.44306693331262137,0.6341745304863373,0.03952892782867745,0.56461096,0.8388455,0.9201714396476746,0.9959514170040485
hotel_42,2023-06-15,0.5789473684210527,0.30364372469635625,0.44864531913861794,0.6278374115025931,0.06519098641370796,0.8509232,0.72034895,0.96834796667099,0.6072874493927125
hotel_42,2023-06-16,0.5789473684210527,0.5789473684210527,0.5164536633446177,0.6501330629079765,0.31742719026815885,0.89478445,0.8143231,0.8816302418708801,0.7489878542510121
hotel_42,2023-06-17,0.5789473684210527,1.0,0.6235235371777318,0.6450518172938158,0.3556860583790467,0.8117975,0.86236405,0.9009008407592773,0.8906882591093117
hotel_42,2023-06-18,0.5789473684210527,0.9959514170040485,0.2771541095301263,0.6569361619343209,-0.007383792780156051,0.5925027,0.5022336,0.9828009009361267,0.30364372469635625
hotel_42,2023-06-19,0.5789473684210527,0.21862348178137653,0.3575462852718987,0.6403883038950051,-0.38567556271316433,0.9756861,0.63707185,0.9876185655593872,0.4493927125506073
hotel_42,2023-06-20,0.5789473684210527,0.25101214574898784,0.46404466213726625,0.6487463727377121,-0.2299688561828666,0.94194895,0.7859408,0.9635303616523743,0.6680161943319838
hotel_42,2023-06-21,0.5789473684210527,0.27530364372469635,0.44306693331262137,0.6427603018965535,-0.18290735232573568,0.92527604,0.7902023,0.9394420981407166,0.951417004048583
hotel_42,2023-06-22,0.5789473684210527,0.30364372469635625,0.44864531913861794,0.6490592894558137,-0.09357713405331745,0.8550458,0.71369576,0.9876185655593872,0.7732793522267206
hotel_42,2023-06-23,0.5789473684210527,0.5789473684210527,0.5164536633446177,0.6472987101900148,0.22461224561210935,1.0117126,0.84404266,0.9828009009361267,0.8906882591093117
hotel_42,2023-06-24,0.5789473684210527,1.0,0.6235235371777318,0.6522472529437643,0.3181758583460018,1.0644056,0.9304053,0.9394420981407166,0.902834008097166
hotel_42,2023-06-25,0.5789473684210527,0.9959514170040485,0.2771541095301263,0.6495480073148631,-0.02192906483023299,0.6003827,0.652421,0.9346243739128113,0.38461538461538464
hotel_42,2023-06-26,0.5789473684210527,0.21862348178137653,0.3575462852718987,0.6505666908331583,-0.3254299646486081,0.5634926,0.740393,0.8960831761360168,0.7246963562753036
hotel_42,2023-06-27,0.5789473684210527,0.25101214574898784,0.46404466213726625,0.6482045503333178,-0.1956940782988065,0.66825473,0.88435316,0.9298067092895508,0.97165991902834
hotel_42,2023-06-28,0.5789473684210527,0.27530364372469635,0.44306693331262137,0.6506326390693843,-0.32432939221976587,0.59865975,0.8877307,0.9009008407592773,0.8947368421052632
hotel_42,2023-06-29,0.5789473684210527,0.30364372469635625,0.44864531913861794,0.648702396992349,-0.2998909318228746,0.6298235,0.7172018,0.9587126970291138,0.7732793522267206
hotel_42,2023-06-30,0.5789473684210527,0.5789473684210527,0.5164536633446177,0.6512981611784485,-0.00875190565198064,0.91365945,0.7975377,0.9057185053825378,0.7611336032388664
hotel_49,2023-06-03,0.7336244541484717,0.6026200873362445,0.7381262854559625,0.6960327727562806,0.7449239820248335,0.7608188,0.74865335,0.7144129872322083,0.7292576419213974
hotel_49,2023-06-04,0.7336244541484717,0.5982532751091703,0.6469264161174458,0.6485204746933382,0.5908475756965825,0.67515457,0.65025723,0.6564876437187195,0.5676855895196506
hotel_49,2023-06-05,0.7336244541484717,0.4585152838427948,0.637129228474408,0.6005739912116034,0.4880528401594308,0.6356519,0.6544775,0.6436153650283813,0.6637554585152838
hotel_49,2023-06-06,0.7336244541484717,0.5327510917030568,0.6616359970623615,0.6136691277921306,0.5152686372856855,0.6424205,0.6858804,0.6371791958808899,0.6157205240174672
hotel_49,2023-06-07,0.7336244541484717,0.611353711790393,0.6611476395418645,0.6315050767153465,0.5313888404773338,0.67578495,0.6923707,0.6436153650283813,0.6462882096069869
hotel_49,2023-06-08,0.7336244541484717,0.6637554585152838,0.6762703554162109,0.6434902620756292,0.47846004186628477,0.7101067,0.69135207,0.650051474571228,0.5895196506550219
hotel_49,2023-06-09,0.7336244541484717,0.7336244541484717,0.7278446064543925,0.6604507685446838,0.5767867894957872,0.7846784,0.7348604,0.6307430267333984,0.6550218340611353
hotel_49,2023-06-10,0.7336244541484717,0.6026200873362445,0.7381262854559625,0.6511315204790511,0.6082503175196663,0.8165021,0.75642264,0.6243069171905518,0.7336244541484717
hotel_49,2023-06-11,0.7336244541484717,0.5982532751091703,0.6469264161174458,0.6397939024226929,0.4666310560608169,0.7052346,0.67599183,0.6049984097480774,0.6768558951965066
hotel_49,2023-06-12,0.7336244541484717,0.4585152838427948,0.637129228474408,0.6280499948900766,0.38348506209744676,0.7056008,0.70205295,0.5921261310577393,0.6331877729257642
hotel_49,2023-06-13,0.7336244541484717,0.5327510917030568,0.6616359970623615,0.6313449802391948,0.423311727428367,0.69799054,0.73234075,0.6114345788955688,0.7336244541484717
hotel_49,2023-06-14,0.7336244541484717,0.611353711790393,0.6611476395418645,0.6355415903707513,0.42801831095213305,0.72129464,0.7333653,0.6049984097480774,0.6724890829694323
hotel_49,2023-06-15,0.7336244541484717,0.6637554585152838,0.6762703554162109,0.6385421372840981,0.3589195877231559,0.7395472,0.718665,0.6114345788955688,0.6550218340611353
hotel_49,2023-06-16,0.7336244541484717,0.7336244541484717,0.7278446064543925,0.6425517358850028,0.39688433239242255,0.8162959,0.73716384,0.6307430267333984,0.7117903930131004
hotel_49,2023-06-17,0.7336244541484717,0.6026200873362445,0.7381262854559625,0.6403795415099011,0.41092246958798306,0.833847,0.7438351,0.6114345788955688,0.6899563318777293
hotel_49,2023-06-18,0.7336244541484717,0.5982532751091703,0.6469264161174458,0.6375660283252639,0.2726115219885619,0.73714733,0.66466755,0.6178706884384155,0.6244541484716157
hotel_49,2023-06-19,0.7336244541484717,0.4585152838427948,0.637129228474408,0.6347905338857203,0.15922705624710182,0.75180167,0.6945582,0.6114345788955688,0.5807860262008734
hotel_49,2023-06-20,0.7336244541484717,0.5327510917030568,0.6616359970623615,0.6355302535557276,0.2100775229235187,0.74383944,0.7313772,0.5792537927627563,0.6855895196506551
hotel_49,2023-06-21,0.7336244541484717,0.611353711790393,0.6611476395418645,0.6365956226994203,0.22927374098659725,0.7684665,0.7202789,0.5985622406005859,0.7117903930131004
hotel_49,2023-06-22,0.7336244541484717,0.6637554585152838,0.6762703554162109,0.6372761166081135,0.1901008246125334,0.8225611,0.7216379,0.6114345788955688,0.6331877729257642
hotel_49,2023-06-23,0.7336244541484717,0.7336244541484717,0.7278446064543925,0.6382856306596839,0.25360305267452227,0.8978097,0.74491376,0.6243069171905518,0.6943231441048034
hotel_49,2023-06-24,0.7336244541484717,0.6026200873362445,0.7381262854559625,0.6377248394073689,0.27020822938409395,0.9377002,0.76112145,0.6114345788955688,0.7248908296943232
hotel_49,2023-06-25,0.7336244541484717,0.5982532751091703,0.6469264161174458,0.6370761605777799,0.1301407234693459,0.8329737,0.6789072,0.6243069171905518,0.62882096069869
hotel_49,2023-06-26,0.7336244541484717,0.4585152838427948,0.637129228474408,0.6363769637247666,0.0048789114858717175,0.81279004,0.69898075,0.6049984097480774,0.6724890829694323
hotel_49,2023-06-27,0.7336244541484717,0.5327510917030568,0.6616359970623615,0.636580797893938,0.03126595845579382,0.79735994,0.750159,0.6049984097480774,0.7074235807860262
hotel_49,2023-06-28,0.7336244541484717,0.611353711790393,0.6611476395418645,0.6368162005430581,0.03071486041548033,0.7997246,0.7442956,0.6114345788955688,0.7030567685589519
hotel_49,2023-06-29,0.7336244541484717,0.6637554585152838,0.6762703554162109,0.6370004697837183,-0.03272159946397307,0.8544779,0.7332007,0.6307430267333984,0.6593886462882096
hotel_49,2023-06-30,0.7336244541484717,0.7336244541484717,0.7278446064543925,0.6372270283917633,0.009209465922305371,0.91964537,0.7490976,0.6049984097480774,0.6593886462882096
hotel_56,2023-06-03,0.9416666666666667,1.0083333333333333,0.9225575267579209,0.9628479887505117,0.8869308769811175,0.9685452,1.019197,0.9448249936103821,0.9833333333333333
hotel_56,2023-06-04,0.9416666666666667,0.975,0.7934296645717199,0.9494552702818437,0.7939774958404038,0.75371516,0.7898575,0.9037456512451172,0.7666666666666667
hotel_56,2023-06-05,0.9416666666666667,0.6,0.8186381137190706,0.8137034643863261,0.9294387898451374,0.8853369,0.9019618,0.8489732146263123,0.875
hotel_56,2023-06-06,0.9416666666666667,0.8333333333333334,0.8563804883667919,0.897416818754464,0.9403608728680801,0.94677687,0.9934509,0.9379784464836121,1.0
hotel_56,2023-06-07,0.9416666666666667,0.85,0.8750441218515934,0.9032574504838501,0.9138616184610182,0.9290432,0.9648751,0.8900524973869324,0.925
hotel_56,2023-06-08,0.9416666666666667,0.8583333333333333,0.878815493250656,0.9061794682760068,0.8815063558019568,0.85474396,0.9579997,0.924285352230072,0.8833333333333333
hotel_56,2023-06-09,0.9416666666666667,0.9416666666666667,0.9061319672670852,0.9361567653035485,0.9996504613613703,0.95349526,1.0168442,0.9105921983718872,1.0166666666666666
hotel_56,2023-06-10,0.9416666666666667,1.0083333333333333,0.9225575267579209,0.9437670984589932,0.963313938842292,0.9855839,1.0496337,0.924285352230072,1.0083333333333333
hotel_56,2023-06-11,0.9416666666666667,0.975,0.7934296645717199,0.9389337660184652,0.8250324254890238,0.7424214,0.8363237,0.8900524973869324,0.725
hotel_56,2023-06-12,0.9416666666666667,0.6,0.8186381137190706,0.8900320424341214,0.8976271022001447,0.8513791,0.95156837,0.9516715407371521,0.9416666666666667
hotel_56,2023-06-13,0.9416666666666667,0.8333333333333334,0.8563804883667919,0.9201829544977683,0.9816393776941219,0.93132234,1.0640821,0.9174387454986572,1.05
hotel_56,2023-06-14,0.9416666666666667,0.85,0.8750441218515934,0.9222856265079018,0.9798958354168343,0.9431968,1.0596397,0.8968991041183472,1.0083333333333333
hotel_56,2023-06-15,0.9416666666666667,0.8583333333333333,0.878815493250656,0.9233375870054228,0.9694710191815548,0.9219652,1.0119085,0.9379784464836121,0.975
hotel_56,2023-06-16,0.9416666666666667,0.9416666666666667,0.9061319672670852,0.9341350035670076,1.0229442248069105,1.0128647,1.075822,0.9722111821174622,0.9666666666666667
hotel_56,2023-06-17,0.9416666666666667,1.0083333333333333,0.9225575267579209,0.9368760806660716,0.9943630806482571,1.0275855,1.0654806,0.924285352230072,0.95
hotel_56,2023-06-18,0.9416666666666667,0.975,0.7934296645717199,0.9351350744995767,0.8708075113728443,0.8290694,0.7944875,0.9105921983718872,0.75
hotel_56,2023-06-19,0.9416666666666667,0.6,0.8186381137190706,0.9175208765740681,0.8727583602795744,0.87507796,0.89587194,0.9722111821174622,0.85
hotel_56,2023-06-20,0.9416666666666667,0.8333333333333334,0.8563804883667919,0.9283810759232802,0.9601862416385367,0.9211655,0.97426915,0.9722111821174622,1.0083333333333333
hotel_56,2023-06-21,0.9416666666666667,0.85,0.8750441218515934,0.9291384409507186,0.9768275008741781,0.9055469,0.954945,0.9722111821174622,0.9416666666666667
hotel_56,2023-06-22,0.9416666666666667,0.8583333333333333,0.878815493250656,0.9295173484808866,1.0104170704753868,0.871717,0.9448215,0.924285352230072,0.9083333333333333
hotel_56,2023-06-23,0.9416666666666667,0.9416666666666667,0.9061319672670852,0.933406524554332,1.0839984732821828,0.91530216,1.0301975,0.9379784464836121,0.9666666666666667
hotel_56,2023-06-24,0.9416666666666667,1.0083333333333333,0.9225575267579209,0.9343938465592825,1.0339020950634032,0.98057467,1.07348,0.9174387454986572,1.0083333333333333
hotel_56,2023-06-25,0.9416666666666667,0.975,0.7934296645717199,0.9337667440348282,0.9084032449948426,0.79689586,0.8507305,0.924285352230072,1.0
hotel_56,2023-06-26,0.9416666666666667,0.6,0.8186381137190706,0.927422193916463,0.9574522844368774,0.88096374,0.9238694,0.9653646349906921,1.0
hotel_56,2023-06-27,0.9416666666666667,0.8333333333333334,0.8563804883667919,0.9313339857173042,1.0025156030198572,0.9356985,1.0375005,0.9722111821174622,1.0166666666666666
hotel_56,2023-06-28,0.9416666666666667,0.85,0.8750441218515934,0.9316067849308511,1.002683584775278,0.9104189,1.0364672,0.9585180878639221,0.9833333333333333
hotel_56,2023-06-29,0.9416666666666667,0.8583333333333333,0.878815493250656,0.9317432655879945,1.0180393726019754,0.9122214,0.985126,0.9790577292442322,0.8666666666666667
hotel_56,2023-06-30,0.9416666666666667,0.9416666666666667,0.9061319672670852,0.9331441282105486,1.0972868784463654,0.974869,1.0603188,0.9927509427070618,0.9583333333333334
hotel_63,2023-06-03,0.7111111111111111,0.9644444444444444,0.8117287079900483,0.7716656283837813,0.740341256726867,0.85138965,0.7533798,0.9142007231712341,0.7555555555555555
hotel_63,2023-06-04,0.7111111111111111,0.9288888888888889,0.5180816994569175,0.7925400309767241,0.5467348591088418,0.5708764,0.49475932,0.9614869952201843,0.43555555555555553
hotel_63,2023-06-05,0.7111111111111111,0.5244444444444445,0.5247584954827331,0.655793854094024,0.6114121045228547,0.68730175,0.52569747,0.6777694821357727,0.5422222222222223
hotel_63,2023-06-06,0.7111111111111111,0.6311111111111111,0.5959512644452947,0.7003378269175864,0.6059951275236586,0.82795966,0.6219004,0.656753420829773,0.6
hotel_63,2023-06-07,0.7111111111111111,0.6488888888888888,0.612981407980453,0.7079212370766186,0.5760364872597692,0.8905271,0.642519,0.6725154519081116,0.6666666666666666
hotel_63,2023-06-08,0.7111111111111111,0.6888888888888889,0.6152190494748339,0.7229209887072724,0.5317422732227416,0.79355264,0.6526462,0.6882776021957397,0.6755555555555556
hotel_63,2023-06-09,0.7111111111111111,0.7111111111111111,0.7585084269735789,0.7311506602030144,0.7246807489516445,0.78336346,0.73046994,0.6987856030464172,0.8888888888888888
hotel_63,2023-06-10,0.7111111111111111,0.9644444444444444,0.8117287079900483,0.7537888110570747,0.7957255456560874,0.9249408,0.7975763,0.9142007231712341,0.9688888888888889
hotel_63,2023-06-11,0.7111111111111111,0.9288888888888889,0.5180816994569175,0.7615910919659853,0.5320659005259125,0.65296835,0.5533475,0.977249026298523,0.5866666666666667
hotel_63,2023-06-12,0.7111111111111111,0.5244444444444445,0.5247584954827331,0.7103343649753453,0.43416843453526255,0.9011403,0.61358255,0.7145476937294006,0.68
hotel_63,2023-06-13,0.7111111111111111,0.6311111111111111,0.5959512644452947,0.7270282030725833,0.510178873118269,1.0443605,0.6917702,0.7092936635017395,0.8177777777777778
hotel_63,2023-06-14,0.7111111111111111,0.6488888888888888,0.612981407980453,0.7298705692755083,0.44591714002844957,0.9735331,0.6948089,0.7092936635017395,0.6933333333333334
hotel_63,2023-06-15,0.7111111111111111,0.6888888888888889,0.6152190494748339,0.7354925185759267,0.4066652900435578,0.8518712,0.67281973,0.6987856030464172,0.7555555555555555
hotel_63,2023-06-16,0.7111111111111111,0.7111111111111111,0.7585084269735789,0.7385770060659127,0.6185857885643238,0.97407734,0.7499413,0.7303097248077393,0.9288888888888889
hotel_63,2023-06-17,0.7111111111111111,0.9644444444444444,0.8117287079900483,0.7470615880936522,0.7157358587818081,0.9724165,0.79833305,0.9036926627159119,1.0
hotel_63,2023-06-18,0.7111111111111111,0.9288888888888889,0.5180816994569175,0.7499858115210797,0.6391048679562498,0.56354713,0.5866832,0.9404708743095398,0.8533333333333334
hotel_63,2023-06-19,0.7111111111111111,0.5244444444444445,0.5247584954827331,0.7307753013627534,0.4154755553980337,0.57187754,0.6913597,0.7303097248077393,0.7022222222222222
hotel_63,2023-06-20,0.7111111111111111,0.6311111111111111,0.5959512644452947,0.7370319850120339,0.43266444369479856,0.7292742,0.77303004,0.7145476937294006,0.7777777777777778
hotel_63,2023-06-21,0.7111111111111111,0.6488888888888888,0.612981407980453,0.738097275210177,0.38586953096489546,0.6968029,0.76026267,0.7092936635017395,0.7688888888888888
hotel_63,2023-06-22,0.7111111111111111,0.6888888888888889,0.6152190494748339,0.7402043256554409,0.33534981922710594,0.7001468,0.738132,0.7303097248077393,0.9155555555555556
hotel_63,2023-06-23,0.7111111111111111,0.7111111111111111,0.7585084269735789,0.7413603607933256,0.5230341447996397,0.83369005,0.7979465,0.7618339657783508,0.9955555555555555
hotel_63,2023-06-24,0.7111111111111111,0.9644444444444444,0.8117287079900483,0.7445402975819994,0.6044484556952915,0.89391756,0.85017157,0.9457249045372009,0.84
hotel_63,2023-06-25,0.7111111111111111,0.9288888888888889,0.5180816994569175,0.7456362673832326,0.4513907146850945,0.6153205,0.6423923,0.9614869952201843,0.6311111111111111
hotel_63,2023-06-26,0.7111111111111111,0.5244444444444445,0.5247584954827331,0.7384363596107313,0.3998787608202772,0.6726731,0.70185965,0.8774225115776062,0.8444444444444444
hotel_63,2023-06-27,0.7111111111111111,0.6311111111111111,0.5959512644452947,0.7407813022948142,0.41641316307218584,0.871082,0.81244266,0.7618339657783508,0.8844444444444445
hotel_63,2023-06-28,0.7111111111111111,0.6488888888888888,0.612981407980453,0.7411805624455821,0.3671810553116791,0.8692089,0.8003792,0.7092936635017395,0.8266666666666667
hotel_63,2023-06-29,0.7111111111111111,0.6888888888888889,0.6152190494748339,0.7419702639556369,0.2980379547463208,0.80015105,0.73107386,0.8248822093009949,0.8844444444444445
hotel_63,2023-06-30,0.7111111111111111,0.7111111111111111,0.7585084269735789,0.7424035344053669,0.4813793643178396,0.8932463,0.7714547,0.830136239528656,0.8666666666666667
hotel_7,2023-06-03,0.8094462540716613,0.750814332247557,0.7270081556901234,0.7141855491326332,0.7082760684654691,0.77141064,0.69503945,0.7676324248313904,0.6938110749185668
hotel_7,2023-06-04,0.8094462540716613,0.7785016286644951,0.7080671679310537,0.6901570663698294,0.6122592715035693,0.68428963,0.6252421,0.7232803702354431,0.50814332247557
hotel_7,2023-06-05,0.8094462540716613,0.6237785016286646,0.5797217911384903,0.5482431246309132,0.47720859014387573,0.4724687,0.57878757,0.5936357378959656,0.509771986970684
hotel_7,2023-06-06,0.8094462540716613,0.6270358306188925,0.571969959588913,0.53153334433811,0.44318406237415064,0.41281363,0.57358193,0.6243410706520081,0.5700325732899023
hotel_7,2023-06-07,0.8094462540716613,0.6449511400651465,0.7372719503055183,0.6521980610127146,0.6161744006763835,0.59288776,0.66571456,0.7062218189239502,0.6905537459283387
hotel_7,2023-06-08,0.8094462540716613,0.7980456026058632,0.776442840243807,0.6991533627086632,0.7256904949933562,0.6563759,0.67857003,0.7505739331245422,0.7214983713355049
hotel_7,2023-06-09,0.8094462540716613,0.8094462540716613,0.8082867631899068,0.7473968973875539,0.7766888320931057,0.6758765,0.6597818,0.7642207145690918,0.7019543973941368
hotel_7,2023-06-10,0.8094462540716613,0.750814332247557,0.7270081556901234,0.653495060469583,0.6360455223358736,0.7344273,0.56237644,0.7539856433868408,0.5146579804560261
hotel_7,2023-06-11,0.8094462540716613,0.7785016286644951,0.7080671679310537,0.6313977174872917,0.5430264340976471,0.73681104,0.53241026,0.7028101682662964,0.5684039087947883
hotel_7,2023-06-12,0.8094462540716613,0.6237785016286646,0.5797217911384903,0.4964015954018704,0.39940599383549985,0.7203683,0.47898537,0.569753885269165,0.5863192182410424
hotel_7,2023-06-13,0.8094462540716613,0.6270358306188925,0.571969959588913,0.48304417083756357,0.3732523878009134,0.54225266,0.55547035,0.5561071038246155,0.5488599348534202
hotel_7,2023-06-14,0.8094462540716613,0.6449511400651465,0.7372719503055183,0.6173714248426241,0.5345181305440833,0.6631712,0.6986171,0.6652814745903015,0.6400651465798045
hotel_7,2023-06-15,0.8094462540716613,0.7980456026058632,0.776442840243807,0.6589331106803394,0.640235999837961,0.64999306,0.7615522,0.6993984580039978,0.6710097719869706
hotel_7,2023-06-16,0.8094462540716613,0.8094462540716613,0.8082867631899068,0.7140165364323866,0.6677308719224644,0.60409135,0.6891175,0.7403388619422913,0.6742671009771987
hotel_7,2023-06-17,0.8094462540716613,0.750814332247557,0.7270081556901234,0.6233998299265411,0.5389156398181096,0.57665795,0.52140796,0.7266920804977417,0.4495114006514658
hotel_7,2023-06-18,0.8094462540716613,0.7785016286644951,0.7080671679310537,0.6042791316785591,0.4665564926026931,0.7755382,0.379303,0.6925750374794006,0.4381107491856677
hotel_7,2023-06-19,0.8094462540716613,0.6237785016286646,0.5797217911384903,0.4723837700218669,0.3222105426739559,0.6952701,0.30249068,0.579988956451416,0.4560260586319218
hotel_7,2023-06-20,0.8094462540716613,0.6270358306188925,0.571969959588913,0.46152831506333963,0.2994558554648684,0.5457016,0.31725812,0.5731655359268188,0.34364820846905536
hotel_7,2023-06-21,0.8094462540716613,0.6449511400651465,0.7372719503055183,0.5990223672987871,0.4231057989607402,0.69566065,0.45038593,0.6925750374794006,0.41042345276872966
hotel_7,2023-06-22,0.8094462540716613,0.7980456026058632,0.776442840243807,0.6418376164974444,0.532016240933675,0.68028486,0.51477236,0.6925750374794006,0.3745928338762215
hotel_7,2023-06-23,0.8094462540716613,0.8094462540716613,0.8082867631899068,0.6990637468435457,0.5491520821285165,0.64974535,0.529071,0.7369271516799927,0.4169381107491857
hotel_7,2023-06-24,0.8094462540716613,0.750814332247557,0.7270081556901234,0.6100998902151595,0.4205969319946364,0.6068466,0.40198493,0.7062218189239502,0.33876221498371334
hotel_7,2023-06-25,0.8094462540716613,0.7785016286644951,0.7080671679310537,0.5924501117342522,0.3431130196445271,0.49541545,0.365635,0.6652814745903015,0.3289902280130293
hotel_7,2023-06-26,0.8094462540716613,0.6237785016286646,0.5797217911384903,0.4618996828538744,0.18648632788972433,0.33100498,0.32476297,0.5288134813308716,0.247557003257329
hotel_7,2023-06-27,0.8094462540716613,0.6270358306188925,0.571969959588913,0.4522145648552966,0.15765092878672748,0.23728353,0.39734736,0.5015198588371277,0.28664495114006516
hotel_7,2023-06-28,0.8094462540716613,0.6449511400651465,0.7372719503055183,0.5908303022471992,0.29053451434246674,0.4086203,0.532557,0.5663421750068665,0.44788273615635177
hotel_7,2023-06-29,0.8094462540716613,0.7980456026058632,0.776442840243807,0.6345019857433681,0.3964645562228363,0.55250794,0.59387076,0.5868123769760132,0.5521172638436482
hotel_7,2023-06-30,0.8094462540716613,0.8094462540716613,0.8082867631899068,0.6925788663307391,0.4145066889094432,0.610302,0.62129635,0.6106942892074585,0.6498371335504886
hotel_70,2023-06-03,0.5657894736842105,0.41228070175438597,0.5917986913036359,0.5763195113038481,0.5822227211458567,0.56530786,0.5433911,0.5258178114891052,0.5964912280701754
hotel_70,2023-06-04,0.5657894736842105,0.4298245614035088,0.48171847607544516,0.5847435413995581,0.45234319538031786,0.38301328,0.5267564,0.4728284180164337,0.4649122807017544
hotel_70,2023-06-05,0.5657894736842105,0.2543859649122807,0.48848736242562163,0.500503240442458,0.32865735221406606,0.3571818,0.53424007,0.4239151179790497,0.4473684210526316
hotel_70,2023-06-06,0.5657894736842105,0.35964912280701755,0.481538355076262,0.551047421016718,0.29613959449156857,0.39185435,0.5574322,0.4198389947414398,0.5131578947368421
hotel_70,2023-06-07,0.5657894736842105,0.4868421052631579,0.46774949360625423,0.6121216392106156,0.24393435970079758,0.36797315,0.5819566,0.4198389947414398,0.5877192982456141
hotel_70,2023-06-08,0.5657894736842105,0.5964912280701754,0.5069465780793083,0.6647718273088031,0.32324036754935337,0.45762438,0.5932902,0.4361434578895569,0.6140350877192983
hotel_70,2023-06-09,0.5657894736842105,0.5657894736842105,0.5620563067445632,0.6500297746413106,0.30089520165384753,0.49177018,0.6007022,0.42799124121665955,0.6403508771929824
hotel_70,2023-06-10,0.5657894736842105,0.41228070175438597,0.5917986913036359,0.6550859798088674,0.3212628776974517,0.5463871,0.5858334,0.42799124121665955,0.6403508771929824
hotel_70,2023-06-11,0.5657894736842105,0.4298245614035088,0.48171847607544516,0.6591309439429128,0.23850142021226406,0.43192738,0.54074717,0.4361434578895569,0.5877192982456141
hotel_70,2023-06-12,0.5657894736842105,0.2543859649122807,0.48848736242562163,0.6186813026024589,0.12146483812296117,0.4911821,0.538496,0.41576290130615234,0.5526315789473685
hotel_70,2023-06-13,0.5657894736842105,0.35964912280701755,0.481538355076262,0.6429510874067312,0.1462798074401619,0.5197937,0.5253284,0.41168680787086487,0.5175438596491229
hotel_70,2023-06-14,0.5657894736842105,0.4868421052631579,0.46774949360625423,0.6722770773785604,0.08487590952940084,0.5146865,0.5181236,0.3709257245063782,0.543859649122807
hotel_70,2023-06-15,0.5657894736842105,0.5964912280701754,0.5069465780793083,0.697558103216344,0.1804475071317625,0.5448556,0.5415611,0.3953823745250702,0.5789473684210527
hotel_70,2023-06-16,0.5657894736842105,0.5657894736842105,0.5620563067445632,0.6904794159817647,0.14621861733658414,0.558011,0.56148034,0.3913062512874603,0.6447368421052632
hotel_70,2023-06-17,0.5657894736842105,0.41228070175438597,0.5917986913036359,0.6929072525783548,0.14857353009121022,0.51999897,0.5729128,0.383154034614563,0.7368421052631579
hotel_70,2023-06-18,0.5657894736842105,0.4298245614035088,0.48171847607544516,0.694849521855627,0.06360015065747968,0.36794522,0.5658235,0.41168680787086487,0.6447368421052632
hotel_70,2023-06-19,0.5657894736842105,0.2543859649122807,0.48848736242562163,0.6754268290829054,-0.07258565802564704,0.42136323,0.5874703,0.4198389947414398,0.5701754385964912
hotel_70,2023-06-20,0.5657894736842105,0.35964912280701755,0.481538355076262,0.6870804447465384,-0.049989257741621704,0.43629414,0.585016,0.41168680787086487,0.6096491228070176
hotel_70,2023-06-21,0.5657894736842105,0.4868421052631579,0.46774949360625423,0.7011618970067616,-0.10859694670621706,0.42625368,0.58901995,0.4320673644542694,0.5526315789473685
hotel_70,2023-06-22,0.5657894736842105,0.5964912280701754,0.5069465780793083,0.7133010799897126,0.0018849198200991263,0.49934232,0.58938545,0.4198389947414398,0.5482456140350878
hotel_70,2023-06-23,0.5657894736842105,0.5657894736842105,0.5620563067445632,0.7099021087544863,-0.05389948711831813,0.53773594,0.5993794,0.407610684633255,0.6403508771929824
hotel_70,2023-06-24,0.5657894736842105,0.41228070175438597,0.5917986913036359,0.7110678823622434,-0.07076231894208121,0.574307,0.59703684,0.3953823745250702,0.7982456140350878
hotel_70,2023-06-25,0.5657894736842105,0.4298245614035088,0.48171847607544516,0.712000501248449,-0.15843029233178896,0.4125952,0.5684637,0.3953823745250702,0.6535087719298246
hotel_70,2023-06-26,0.5657894736842105,0.2543859649122807,0.48848736242562163,0.7026743123863923,-0.2602291430666253,0.3788643,0.58593374,0.3913062512874603,0.7105263157894737
hotel_70,2023-06-27,0.5657894736842105,0.35964912280701755,0.481538355076262,0.7082700257036264,-0.24538355858009028,0.37730044,0.5830582,0.44021955132484436,0.7105263157894737
hotel_70,2023-06-28,0.5657894736842105,0.4868421052631579,0.46774949360625423,0.7150315126286175,-0.28201450692864527,0.35687625,0.5766862,0.41168680787086487,0.75
hotel_70,2023-06-29,0.5657894736842105,0.5964912280701754,0.5069465780793083,0.720860380667403,-0.15734060748619305,0.46169445,0.5771376,0.41168680787086487,0.7587719298245614
hotel_70,2023-06-30,0.5657894736842105,0.5657894736842105,0.5620563067445632,0.719228297616543,-0.1869784848046317,0.53759086,0.5846757,0.44021955132484436,0.8377192982456141
hotel_84,2023-06-03,0.9273356401384083,0.8719723183391004,0.9576001322148802,0.9670841323340241,1.0676050240991775,0.97676945,0.91748816,0.9732036590576172,0.9619377162629758
hotel_84,2023-06-04,0.9273356401384083,0.8477508650519031,0.7039536649142274,0.8618851809209975,1.0454032570888088,0.81880534,0.8719557,0.9629594683647156,0.8858131487889274
hotel_84,2023-06-05,0.9273356401384083,0.6539792387543253,0.7238423096192661,0.7499441573274401,0.9527953239586754,0.86657625,0.84665024,0.8810054659843445,0.6262975778546713
hotel_84,2023-06-06,0.9273356401384083,0.6124567474048442,0.7809622096635512,0.7082658393585032,0.823838540277269,0.88492346,0.83986187,0.92198246717453,0.7889273356401384
hotel_84,2023-06-07,0.9273356401384083,0.657439446366782,0.7904199082712313,0.7273422246367574,0.6963425938280977,0.96002525,0.89094377,0.9117382168769836,0.7820069204152249
hotel_84,2023-06-08,0.9273356401384083,0.740484429065744,0.7785679780233528,0.773768683322156,0.6780104986145261,0.8667172,0.9032329,0.9117382168769836,0.7577854671280276
hotel_84,2023-06-09,0.9273356401384083,0.9273356401384083,0.911509469720994,0.8715779549888713,0.7785827811248515,0.8663604,0.92516005,0.9783257842063904,0.9446366782006921
hotel_84,2023-06-10,0.9273356401384083,0.8719723183391004,0.9576001322148802,0.8977722997721848,0.9784631878688528,0.91035444,0.9523397,0.9834479093551636,1.0103806228373702
hotel_84,2023-06-11,0.9273356401384083,0.8477508650519031,0.7039536649142274,0.8343418031159109,0.9986774679371778,0.71574605,0.92417264,0.9629594683647156,0.8858131487889274
hotel_84,2023-06-12,0.9273356401384083,0.6539792387543253,0.7238423096192661,0.7761515035924995,1.0758731186369355,0.7373716,0.9262799,0.9424709677696228,0.9515570934256056
hotel_84,2023-06-13,0.9273356401384083,0.6124567474048442,0.7809622096635512,0.7492464699989936,1.0470545195232093,0.7972026,0.9326612,0.9783257842063904,0.9653979238754326
hotel_84,2023-06-14,0.9273356401384083,0.657439446366782,0.7904199082712313,0.7629415227931604,0.9463400088111835,0.7778542,0.9523231,0.9732036590576172,0.8858131487889274
hotel_84,2023-06-15,0.9273356401384083,0.740484429065744,0.7785679780233528,0.7860527770903905,0.9227632980881771,0.74023175,0.95804465,0.947593092918396,0.9619377162629758
hotel_84,2023-06-16,0.9273356401384083,0.9273356401384083,0.911509469720994,0.8426157859016081,1.0330945928307884,0.7803564,0.9580659,0.9783257842063904,1.0
hotel_84,2023-06-17,0.9273356401384083,0.8719723183391004,0.9576001322148802,0.855299362184192,1.18043852072609,0.8236316,0.9569624,0.9783257842063904,0.9930795847750865
hotel_84,2023-06-18,0.9273356401384083,0.8477508650519031,0.7039536649142274,0.8216054047779687,1.1896658027225584,0.56157637,0.91669226,0.9271045923233032,0.986159169550173
hotel_84,2023-06-19,0.9273356401384083,0.6539792387543253,0.7238423096192661,0.7879908755154856,1.1299060642200272,0.64814115,0.9248712,0.9424709677696228,0.7958477508650519
hotel_84,2023-06-20,0.9273356401384083,0.6124567474048442,0.7809622096635512,0.7741044626365736,1.077103127759428,0.8368974,0.9207982,0.968081533908844,0.9204152249134948
hotel_84,2023-06-21,0.9273356401384083,0.657439446366782,0.7904199082712313,0.7808355319638061,1.0738884603085646,0.89679027,0.93454236,0.9783257842063904,1.0
hotel_84,2023-06-22,0.9273356401384083,0.740484429065744,0.7785679780233528,0.794399324342463,1.071858889309438,0.8713791,0.9404462,0.9885700345039368,0.9688581314878892
hotel_84,2023-06-23,0.9273356401384083,0.9273356401384083,0.911509469720994,0.8252274181682844,1.1860325585129483,0.863179,0.9408072,0.9578373432159424,0.6643598615916955
hotel_84,2023-06-24,0.9273356401384083,0.8719723183391004,0.9576001322148802,0.832766048079972,1.3354910350069593,0.8842667,0.94991106,0.9885700345039368,0.903114186851211
hotel_84,2023-06-25,0.9273356401384083,0.8477508650519031,0.7039536649142274,0.8136411124999484,1.3575048198990618,0.6947685,0.91680956,0.9988143444061279,0.8961937716262975
hotel_84,2023-06-26,0.9273356401384083,0.6539792387543253,0.7238423096192661,0.795299532259184,1.2877269516542535,0.8186667,0.899471,0.9783257842063904,0.9515570934256056
hotel_84,2023-06-27,0.9273356401384083,0.6124567474048442,0.7809622096635512,0.7873095912674649,1.1977217294450742,0.8830856,0.87798023,0.9578373432159424,0.7231833910034602
hotel_84,2023-06-28,0.9273356401384083,0.657439446366782,0.7904199082712313,0.7912756391468163,1.0884044784372016,0.94718766,0.86384755,0.9885700345039368,0.7197231833910035
hotel_84,2023-06-29,0.9273356401384083,0.740484429065744,0.7785679780233528,0.798624929409018,1.107149529546182,0.9327037,0.8458374,0.9783257842063904,0.8823529411764706
hotel_84,2023-06-30,0.9273356401384083,0.9273356401384083,0.911509469720994,0.8159057974745796,1.2656759169025051,0.9615833,0.8444921,0.9783257842063904,0.9134948096885813
hotel_91,2023-06-03,0.9662921348314607,1.0674157303370786,0.9612275496393161,0.9860230171238842,1.0125652628480657,0.93253237,0.96933925,0.9759752154350281,0.9550561797752809
hotel_91,2023-06-04,0.9662921348314607,1.0112359550561798,0.7912019758843001,0.95636909343762,0.9068905380823669,0.79971266,0.86686814,0.965424120426178,0.8764044943820225
hotel_91,2023-06-05,0.9662921348314607,0.5617977528089888,0.9215326932874931,0.8273419995975706,0.6961578233799868,0.7996631,0.90150326,0.9232197403907776,0.8651685393258427
hotel_91,2023-06-06,0.9662921348314607,0.9775280898876404,1.016453272894178,0.9379668195278201,0.817290206242305,0.8899004,0.94114584,0.9337708353996277,0.9550561797752809
hotel_91,2023-06-07,0.9662921348314607,1.0,1.0184593934986617,0.9428396017608334,0.8769113384362652,0.8249144,0.9385533,0.9548730850219727,1.0
hotel_91,2023-06-08,0.9662921348314607,0.9550561797752809,0.9417989528925165,0.9300134360719507,0.878085913549354,0.74661356,0.92520124,0.965424120426178,0.9550561797752809
hotel_91,2023-06-09,0.9662921348314607,0.9662921348314607,0.9649664736053538,0.9328305994926048,1.0461640118102498,0.9199989,0.94497883,0.9548730850219727,0.9213483146067416
hotel_91,2023-06-10,0.9662921348314607,1.0674157303370786,0.9612275496393161,0.9381045343884523,1.1460000750923987,0.96876365,0.9588276,0.9548730850219727,1.0112359550561798
hotel_91,2023-06-11,0.9662921348314607,1.0112359550561798,0.7912019758843001,0.929962303302818,1.0526856144915162,0.87428045,0.88266575,0.9759752154350281,0.6966292134831461
hotel_91,2023-06-12,0.9662921348314607,0.5617977528089888,0.9215326932874931,0.8947272873004133,0.9142644288803814,0.92963964,0.9433502,0.965424120426178,1.0
hotel_91,2023-06-13,0.9662921348314607,0.9775280898876404,1.016453272894178,0.9249084100984891,1.0927282909609493,1.0029595,0.99855196,0.9759752154350281,0.9325842696629213
hotel_91,2023-06-14,0.9662921348314607,1.0,1.0184593934986617,0.9262339140025408,1.1084178119658117,0.90146947,1.0115626,0.965424120426178,0.9101123595505618
hotel_91,2023-06-15,0.9662921348314607,0.9550561797752809,0.9417989528925165,0.9227315656596125,1.050981812255448,0.7337284,0.9983443,0.965424120426178,0.9887640449438202
hotel_91,2023-06-16,0.9662921348314607,0.9662921348314607,0.9649664736053538,0.923499546063362,1.1152246686126532,0.74522066,1.0012513,0.965424120426178,0.8764044943820225
hotel_91,2023-06-17,0.9662921348314607,1.0674157303370786,0.9612275496393161,0.9249384862044888,1.2094521621105672,0.8634683,0.99242383,0.965424120426178,0.9325842696629213
hotel_91,2023-06-18,0.9662921348314607,1.0112359550561798,0.7912019758843001,0.92271620118765,1.1007500143537405,0.8669989,0.88733244,0.965424120426178,0.7078651685393258
hotel_91,2023-06-19,0.9662921348314607,0.5617977528089888,0.9215326932874931,0.913100055419864,0.8974652675442343,0.9193287,0.94425094,0.965424120426178,0.7752808988764045
hotel_91,2023-06-20,0.9662921348314607,0.9775280898876404,1.016453272894178,0.9213368223319381,1.1774628271776042,0.9930427,0.9943265,0.965424120426178,0.9887640449438202
hotel_91,2023-06-21,0.9662921348314607,1.0,1.0184593934986617,0.9216985537514741,1.2039315522272154,0.9086157,0.985547,0.965424120426178,0.9325842696629213
hotel_91,2023-06-22,0.9662921348314607,0.9550561797752809,0.9417989528925165,0.9207427130667649,1.1452995453705306,0.7001857,0.96776265,0.965424120426178,0.8202247191011236
hotel_91,2023-06-23,0.9662921348314607,0.9662921348314607,0.9649664736053538,0.9209523014320521,1.1830015604522577,0.7621542,0.96945035,0.965424120426178,0.8764044943820225
hotel_91,2023-06-24,0.9662921348314607,1.0674157303370786,0.9612275496393161,0.9213450046221574,1.241993140638245,0.8496326,0.9655733,0.965424120426178,0.8539325842696629
hotel_91,2023-06-25,0.9662921348314607,1.0112359550561798,0.7912019758843001,0.9207385150593321,1.1380096881166621,0.78331804,0.9010647,0.965424120426178,0.8202247191011236
hotel_91,2023-06-26,0.9662921348314607,0.5617977528089888,0.9215326932874931,0.9181141500676993,0.9163988223518279,0.83112025,0.93744725,0.9548730850219727,0.9775280898876404
hotel_91,2023-06-27,0.9662921348314607,0.9775280898876404,1.016453272894178,0.9203620651884744,1.1707947051183263,0.8807841,1.0005231,0.9548730850219727,1.0112359550561798
hotel_91,2023-06-28,0.9662921348314607,1.0,1.0184593934986617,0.9204607861010042,1.235647239797189,0.8813628,0.9945197,0.9548730850219727,1.0224719101123596
hotel_91,2023-06-29,0.9662921348314607,0.9550561797752809,0.9417989528925165,0.9201999253712936,1.1957555540753155,0.7670838,0.9466189,0.965424120426178,0.898876404494382
hotel_91,2023-06-30,0.9662921348314607,0.9662921348314607,0.9649664736053538,0.9202571246098946,1.2371330202308068,0.79396653,0.967533,0.965424120426178,0.8651685393258427
hotel_98,2023-06-03,0.16129032258064516,0.1693548387096774,0.22577059599774307,0.16129032258064516,0.13575324401779648,0.18017505,0.22921449,0.20127570629119873,0.21774193548387097
hotel_98,2023-06-04,0.16129032258064516,0.08870967741935484,0.039377439727794616,0.11888624970907703,0.007333097742703826,0.12941156,0.007705763,0.08051028847694397,0.06451612903225806
hotel_98,2023-06-05,0.16129032258064516,0.056451612903225805,0.021734439346263505,0.10192462056044978,0.01710922579920473,0.22961488,0.029748775,0.08889677375555038,0.04838709677419355
hotel_98,2023-06-06,0.16129032258064516,0.04838709677419355,0.022665848368396288,0.09768421327329296,0.016581581647482184,0.39910793,0.05692371,0.08889677375555038,0.03225806451612903
hotel_98,2023-06-07,0.16129032258064516,0.08870967741935484,0.01747963288903117,0.11888624970907703,0.04305864099400368,0.5745707,0.08284894,0.07212380319833755,0.07258064516129033
hotel_98,2023-06-08,0.16129032258064516,0.11290322580645161,0.04957727825946995,0.13160747157054747,0.0917056332480093,0.593966,0.19979414,0.07212380319833755,0.08064516129032258
hotel_98,2023-06-09,0.16129032258064516,0.16129032258064516,0.16129561302280312,0.15704991529348836,0.09592868111162768,0.6411015,0.37562028,0.12076543271541595,0.3790322580645161
hotel_98,2023-06-10,0.16129032258064516,0.1693548387096774,0.22577059599774307,0.15704991529348836,0.015904455479792926,0.5790362,0.43475372,0.16940705478191376,0.5080645161290323
hotel_98,2023-06-11,0.16129032258064516,0.08870967741935484,0.039377439727794616,0.13475340838188232,-0.1762205992931884,0.4147789,0.1882222,0.08889677375555038,0.1532258064516129
hotel_98,2023-06-12,0.16129032258064516,0.056451612903225805,0.021734439346263505,0.12583480561723992,-0.17049881364777222,0.4419417,0.14584936,0.07212380319833755,0.14516129032258066
hotel_98,2023-06-13,0.16129032258064516,0.04838709677419355,0.022665848368396288,0.12360515492607932,-0.15423100838589474,0.46511766,0.09795171,0.07212380319833755,0.12096774193548387
hotel_98,2023-06-14,0.16129032258064516,0.08870967741935484,0.01747963288903117,0.13475340838188232,-0.11328991240485374,0.32484785,0.056546435,0.058705419301986694,0.07258064516129033
hotel_98,2023-06-15,0.16129032258064516,0.11290322580645161,0.04957727825946995,0.14144236045536412,-0.07417750186481863,0.28767464,0.09236276,0.07044649869203568,0.08064516129032258
hotel_98,2023-06-16,0.16129032258064516,0.16129032258064516,0.16129561302280312,0.15482026460232773,-0.06450575362310695,0.36096936,0.22457072,0.0972832590341568,0.16129032258064516
hotel_98,2023-06-17,0.16129032258064516,0.1693548387096774,0.22577059599774307,0.15482026460232773,-0.1104701209479804,0.34878755,0.25495183,0.16940705478191376,0.25806451612903225
hotel_98,2023-06-18,0.16129032258064516,0.08870967741935484,0.039377439727794616,0.14309652707444928,-0.2655754196394696,0.33607665,0.014981024,0.0972832590341568,0.06451612903225806
hotel_98,2023-06-19,0.16129032258064516,0.056451612903225805,0.021734439346263505,0.1384070320632979,-0.2714367079654176,0.34814352,0.05671986,0.07212380319833755,0.06451612903225806
hotel_98,2023-06-20,0.16129032258064516,0.04838709677419355,0.022665848368396288,0.13723465831051007,-0.25257839631917955,0.3382461,0.059201166,0.05702811852097511,0.08064516129032258
hotel_98,2023-06-21,0.16129032258064516,0.08870967741935484,0.01747963288903117,0.14309652707444928,-0.20211686953381364,0.29009464,0.0815922,0.05702811852097511,0.11290322580645161
hotel_98,2023-06-22,0.16129032258064516,0.11290322580645161,0.04957727825946995,0.14661364833281282,-0.16600083829776735,0.30358115,0.17166266,0.0486416332423687,0.1532258064516129
hotel_98,2023-06-23,0.16129032258064516,0.16129032258064516,0.16129561302280312,0.1536478908495399,-0.14553218786634525,0.41442025,0.33289528,0.08889677375555038,0.4435483870967742
hotel_98,2023-06-24,0.16129032258064516,0.1693548387096774,0.22577059599774307,0.1536478908495399,-0.19520333171482765,0.42993662,0.37361884,0.13250650465488434,0.3467741935483871
hotel_98,2023-06-25,0.16129032258064516,0.08870967741935484,0.039377439727794616,0.14748342651584462,-0.3660065526755303,0.42857713,0.10135432,0.12915191054344177,0.13709677419354838
hotel_98,2023-06-26,0.16129032258064516,0.056451612903225805,0.021734439346263505,0.1450176407823665,-0.3755226080659946,0.4233239,0.1144902,0.06373731046915054,0.10483870967741936
hotel_98,2023-06-27,0.16129032258064516,0.04838709677419355,0.022665848368396288,0.14440119434899698,-0.3658755981860822,0.43415856,0.11766958,0.05702811852097511,0.0967741935483871
hotel_98,2023-06-28,0.16129032258064516,0.08870967741935484,0.01747963288903117,0.14748342651584462,-0.32413700121328826,0.37918514,0.15140636,0.07212380319833755,0.18548387096774194
hotel_98,2023-06-29,0.16129032258064516,0.11290322580645161,0.04957727825946995,0.1493327658159532,-0.311069416497608,0.3996987,0.23970032,0.07212380319833755,0.4112903225806452
hotel_98,2023-06-30,0.16129032258064516,0.16129032258064516,0.16129561302280312,0.15303144441617036,-0.3010145674674396,0.5557265,0.35918424,0.0972832590341568,0.5
