unique_id,ds,Naive,SeasonalNaive,AutoETS,AutoARIMA,LightGBM,AutoNBEATS,AutoNHITS,Chronos,y
hotel_0,2023-06-03,0.691358024691358,0.9753086419753086,0.6651701798416771,0.7613336942111165,0.8516154323074845,0.7659513,0.7647351,0.7902922630310059,0.8641975308641975
hotel_0,2023-06-04,0.691358024691358,0.8888888888888888,0.44619812577350415,0.7465512449005473,0.43730189279353865,0.46415597,0.53816813,0.8418331146240234,0.5061728395061729
hotel_0,2023-06-05,0.691358024691358,0.2716049382716049,0.4630176387175448,0.516885165602238,0.41416706242462215,0.46319142,0.5055158,0.6643036603927612,0.7407407407407407
hotel_0,2023-06-06,0.691358024691358,0.2962962962962963,0.4974787656284047,0.5332967875251018,0.5532238917367229,0.57299775,0.56269956,0.6643036603927612,0.7530864197530864
hotel_0,2023-06-07,0.691358024691358,0.3950617283950617,0.49463782357505137,0.576086646741564,0.6311743677589636,0.5560153,0.5990977,0.692937433719635,0.7530864197530864
hotel_0,2023-06-08,0.691358024691358,0.43209876543209874,0.5302349726523373,0.5933336073773986,0.5538670079655277,0.56705874,0.6435936,0.692937433719635,0.6049382716049383
hotel_0,2023-06-09,0.691358024691358,0.691358024691358,0.6383032223681587,0.695987327965239,0.5744613053123326,0.70570034,0.7315255,0.8017457723617554,0.7901234567901234
hotel_0,2023-06-10,0.691358024691358,0.9753086419753086,0.6651701798416771,0.724392186006443,0.736873823776088,0.7482688,0.7540395,0.8246528506278992,0.8518518518518519
hotel_0,2023-06-11,0.691358024691358,0.8888888888888888,0.44619812577350415,0.7194194962038449,0.27948518972918335,0.4790963,0.5254811,0.853286623954773,0.5308641975308642
hotel_0,2023-06-12,0.691358024691358,0.2716049382716049,0.4630176387175448,0.6306196941496885,0.13414729754487467,0.45163217,0.48639405,0.7902922630310059,0.7407407407407407
hotel_0,2023-06-13,0.691358024691358,0.2962962962962963,0.4974787656284047,0.6373269778103192,0.2872260525214668,0.5255945,0.5716735,0.7673853039741516,0.7901234567901234
hotel_0,2023-06-14,0.691358024691358,0.3950617283950617,0.49463782357505137,0.6541764703693291,0.45177541543864924,0.5876367,0.6087773,0.876193642616272,0.8271604938271605
hotel_0,2023-06-15,0.691358024691358,0.43209876543209874,0.5302349726523373,0.6610196713667584,0.4371360940994007,0.64896524,0.6371869,0.8647401332855225,0.7901234567901234
hotel_0,2023-06-16,0.691358024691358,0.691358024691358,0.6383032223681587,0.7010239198640732,0.5324442614012757,0.75777,0.74279404,0.9391879439353943,0.8395061728395061
hotel_0,2023-06-17,0.691358024691358,0.9753086419753086,0.6651701798416771,0.7121263169071735,0.697196248706712,0.7622254,0.7431481,0.9391879439353943,1.0246913580246915
hotel_0,2023-06-18,0.691358024691358,0.8888888888888888,0.44619812577350415,0.7102300793120815,0.27756264611529263,0.50273156,0.5349002,0.9506414532661438,0.6419753086419753
hotel_0,2023-06-19,0.691358024691358,0.2716049382716049,0.4630176387175448,0.6757257250402153,-0.0008973211974243611,0.4524651,0.5000919,0.8876471519470215,0.5308641975308642
hotel_0,2023-06-20,0.691358024691358,0.2962962962962963,0.4974787656284047,0.6783494452154577,0.11682692146256662,0.546849,0.55349183,0.9277344942092896,0.7283950617283951
hotel_0,2023-06-21,0.691358024691358,0.3950617283950617,0.49463782357505137,0.6849113033994628,0.25194123675563806,0.5441766,0.5961143,0.8991006016731262,0.7160493827160493
hotel_0,2023-06-22,0.691358024691358,0.43209876543209874,0.5302349726523373,0.6875787793928271,0.2365479087979862,0.6240637,0.6141256,0.8647401332855225,0.7654320987654321
hotel_0,2023-06-23,0.691358024691358,0.691358024691358,0.6383032223681587,0.7031381424039458,0.37475820521704695,0.74521375,0.732474,0.9391879439353943,0.8148148148148148
hotel_0,2023-06-24,0.691358024691358,0.9753086419753086,0.6651701798416771,0.7074579244785917,0.5366282816838293,0.76442003,0.7512364,0.9506414532661438,0.9506172839506173
hotel_0,2023-06-25,0.691358024691358,0.8888888888888888,0.44619812577350415,0.7067223960225104,0.1095524032947725,0.4860379,0.5790802,0.9162808656692505,0.5061728395061729
hotel_0,2023-06-26,0.691358024691358,0.2716049382716049,0.4630176387175448,0.6933070291201726,-0.0990203798115036,0.4900533,0.50511736,0.9277344942092896,0.5802469135802469
hotel_0,2023-06-27,0.691358024691358,0.2962962962962963,0.4974787656284047,0.6943279809595068,0.025093096130634346,0.590201,0.57706773,0.8131992816925049,0.691358024691358
hotel_0,2023-06-28,0.691358024691358,0.3950617283950617,0.49463782357505137,0.6968799566544787,0.1460429906169832,0.5741575,0.6066045,0.8246528506278992,0.654320987654321
hotel_0,2023-06-29,0.691358024691358,0.43209876543209874,0.5302349726523373,0.697917484533748,0.10748084389163982,0.613576,0.6272607,0.8876471519470215,0.7160493827160493
hotel_0,2023-06-30,0.691358024691358,0.691358024691358,0.6383032223681587,0.7039677293274428,0.1977693269971031,0.7683548,0.7327198,0.8246528506278992,0.8271604938271605
hotel_105,2023-06-03,0.949685534591195,1.0,1.0167414209470118,0.9609203690884796,0.9721958657956467,0.97733957,0.95214754,0.9750938415527344,1.0125786163522013
hotel_105,2023-06-04,0.949685534591195,0.9056603773584906,0.799594433828028,0.8973178979527703,0.7941938653106211,0.8322382,0.82762504,0.934705376625061,0.9119496855345912
hotel_105,2023-06-05,0.949685534591195,0.9182389937106918,0.9239283380250877,0.9119929341084155,0.9036859376408883,0.91572523,0.8726276,0.934705376625061,0.9937106918238994
hotel_105,2023-06-06,0.949685534591195,0.9748427672955975,0.9641710582387015,0.9434939644322822,0.931263206088998,0.9971266,0.96276945,0.9462449550628662,1.0062893081761006
hotel_105,2023-06-07,0.949685534591195,1.0125786163522013,0.9588699457111701,0.9631666077640386,0.9602778795837145,0.9691384,0.96069443,0.934705376625061,0.9811320754716981
hotel_105,2023-06-08,0.949685534591195,0.8930817610062893,0.8574510781853502,0.8988767510663697,0.8751643586575236,0.8929979,0.922347,0.9750938415527344,0.9559748427672956
hotel_105,2023-06-09,0.949685534591195,0.949685534591195,0.9748835792868034,0.9266642875985164,0.9268077517276958,0.97944367,0.9634628,0.934705376625061,0.9811320754716981
hotel_105,2023-06-10,0.949685534591195,1.0,1.0167414209470118,0.9369993040289721,0.9334675232758711,0.97888845,0.9551539,0.9289355874061584,1.0062893081761006
hotel_105,2023-06-11,0.949685534591195,0.9056603773584906,0.799594433828028,0.8984306329504446,0.8630333973247613,0.8267553,0.8276524,0.9693240523338318,0.9811320754716981
hotel_105,2023-06-12,0.949685534591195,0.9182389937106918,0.9239283380250877,0.9067451571518604,0.9403743045495269,0.9095336,0.88295656,0.9404751658439636,0.9937106918238994
hotel_105,2023-06-13,0.949685534591195,0.9748427672955975,0.9641710582387015,0.9265587511673022,0.967816046960241,0.9941747,0.97642165,0.9635542631149292,1.0377358490566038
hotel_105,2023-06-14,0.949685534591195,1.0125786163522013,0.9588699457111701,0.9357751656190314,1.008346197199525,0.9685783,0.96924615,0.9577844738960266,1.0125786163522013
hotel_105,2023-06-15,0.949685534591195,0.8930817610062893,0.8574510781853502,0.9005539323094727,0.9018724707021727,0.88976246,0.91554844,0.9693240523338318,1.0188679245283019
hotel_105,2023-06-16,0.949685534591195,0.949685534591195,0.9748835792868034,0.9153876307112079,0.9465966609809185,0.9768877,0.9689952,0.980863630771637,0.9622641509433962
hotel_105,2023-06-17,0.949685534591195,1.0,1.0167414209470118,0.9217144572243037,0.9308901358430586,0.98754,0.94364744,0.9520147442817688,0.9245283018867925
hotel_105,2023-06-18,0.949685534591195,0.9056603773584906,0.799594433828028,0.8998137643293826,0.8331521037082814,0.83479893,0.82861686,0.9404751658439636,0.9937106918238994
hotel_105,2023-06-19,0.949685534591195,0.9182389937106918,0.9239283380250877,0.9037825106828948,0.9052707355277851,0.92459404,0.87583166,0.9520147442817688,1.0062893081761006
hotel_105,2023-06-20,0.949685534591195,0.9748427672955975,0.9641710582387015,0.9161573914530322,0.9635698697229856,0.9981872,0.95725316,0.9577844738960266,1.0062893081761006
hotel_105,2023-06-21,0.949685534591195,1.0125786163522013,0.9588699457111701,0.9207804184791195,1.0120790137217248,0.97294074,0.9564835,0.934705376625061,1.0125786163522013
hotel_105,2023-06-22,0.949685534591195,0.8930817610062893,0.8574510781853502,0.9007596831226659,0.9110220860528846,0.8797754,0.9115724,0.9577844738960266,1.0566037735849056
hotel_105,2023-06-23,0.949685534591195,0.949685534591195,0.9748835792868034,0.909354789870059,0.9397751120829465,0.9648279,0.9583369,0.980863630771637,0.9874213836477987
hotel_105,2023-06-24,0.949685534591195,1.0,1.0167414209470118,0.9127340201680075,0.9315014492345286,0.96931523,0.944311,0.9520147442817688,0.9874213836477987
hotel_105,2023-06-25,0.949685534591195,0.9056603773584906,0.799594433828028,0.9004603452743104,0.8728668977595753,0.82204026,0.8551277,0.9520147442817688,0.9937106918238994
hotel_105,2023-06-26,0.949685534591195,0.9182389937106918,0.9239283380250877,0.9023951724205871,0.94431591571311,0.9032304,0.87548214,0.9750938415527344,1.0188679245283019
hotel_105,2023-06-27,0.949685534591195,0.9748427672955975,0.9641710582387015,0.9097844483419137,0.9746661961506657,1.0014468,0.9527166,0.980863630771637,1.0314465408805031
hotel_105,2023-06-28,0.949685534591195,1.0125786163522013,0.9588699457111701,0.9123864118022944,1.0165816220248376,0.9575884,0.95187527,0.9693240523338318,1.0440251572327044
hotel_105,2023-06-29,0.949685534591195,0.8930817610062893,0.8574510781853502,0.9007406587696172,0.9128212080490061,0.8897587,0.90510136,0.980863630771637,1.0062893081761006
hotel_105,2023-06-30,0.949685534591195,0.949685534591195,0.9748835792868034,0.905861493295495,0.9513377357542391,0.9640184,0.9551762,0.9693240523338318,1.0
hotel_112,2023-06-03,0.75625,1.0125,0.8246688943418579,0.8136504317931365,0.8098949503629351,0.8156555,0.83899355,0.8787306547164917,0.7375
hotel_112,2023-06-04,0.75625,0.93125,0.7903376527173144,0.8109589570538205,0.8228943365657733,0.8349482,0.8626732,0.8978334665298462,0.7375
hotel_112,2023-06-05,0.75625,0.9375,0.8434935376375269,0.8527163224049937,0.9109502685345774,0.889311,0.87958354,0.904201090335846,0.83125
hotel_112,2023-06-06,0.75625,0.7875,0.8447242050752105,0.8577993016862432,0.8610596726591606,0.92229736,0.9243327,0.904201090335846,0.83125
hotel_112,2023-06-07,0.75625,0.98125,0.8678157012113104,0.8691135634318471,0.9176155372490282,0.9041916,0.94430363,0.9105687141418457,0.81875
hotel_112,2023-06-08,0.75625,0.75,0.8556846176835139,0.8583793754611722,0.784708577752137,0.8951556,0.8989908,0.8914659023284912,0.85
hotel_112,2023-06-09,0.75625,0.75625,0.8218651744936931,0.850783557913571,0.7005923683816233,0.87441665,0.8523245,0.8914659023284912,0.675
hotel_112,2023-06-10,0.75625,1.0125,0.8246688943418579,0.8676702949783857,0.7004331722181689,0.877595,0.88950735,0.8787306547164917,0.91875
hotel_112,2023-06-11,0.75625,0.93125,0.7903376527173144,0.8497636975761274,0.6941206224115891,0.8777166,0.8884301,0.8978334665298462,0.84375
hotel_112,2023-06-12,0.75625,0.9375,0.8434935376375269,0.8751085663331013,0.7142444838651054,0.9164238,0.91102904,0.8978334665298462,0.7375
hotel_112,2023-06-13,0.75625,0.7875,0.8447242050752105,0.8723479514882473,0.6643202263396052,0.9268673,0.938954,0.9360392093658447,0.9875
hotel_112,2023-06-14,0.75625,0.98125,0.8678157012113104,0.8775625585145777,0.7952360691442821,0.94402874,0.96417344,0.8978334665298462,1.00625
hotel_112,2023-06-15,0.75625,0.75,0.8556846176835139,0.8648161652239034,0.6806036951314578,0.91599125,0.9139803,0.9296716451644897,1.0125
hotel_112,2023-06-16,0.75625,0.75625,0.8218651744936931,0.8559624321777468,0.6756715077829419,0.88449013,0.8746865,0.9296716451644897,1.00625
hotel_112,2023-06-17,0.75625,1.0125,0.8246688943418579,0.8697059783623667,0.684386587968955,0.90826887,0.90890574,0.9296716451644897,1.00625
hotel_112,2023-06-18,0.75625,0.93125,0.7903376527173144,0.8528287489647878,0.6921972434791757,0.87211406,0.9051712,0.9169363975524902,0.90625
hotel_112,2023-06-19,0.75625,0.9375,0.8434935376375269,0.8749026773522606,0.6922922003850688,0.92165554,0.9128108,0.9360392093658447,0.95
hotel_112,2023-06-20,0.75625,0.7875,0.8447242050752105,0.8720631110849967,0.6321237954629225,0.9427102,0.9417078,0.9360392093658447,0.99375
hotel_112,2023-06-21,0.75625,0.98125,0.8678157012113104,0.8764792812568097,0.769356390929415,0.92702484,0.9530903,0.9360392093658447,0.9375
hotel_112,2023-06-22,0.75625,0.75,0.8556846176835139,0.8649317526282949,0.648205029680134,0.89376265,0.9020844,0.9105687141418457,0.99375
hotel_112,2023-06-23,0.75625,0.75625,0.8218651744936931,0.8569175190971874,0.6195543747954676,0.87365294,0.8634014,0.9296716451644897,0.7375
hotel_112,2023-06-24,0.75625,1.0125,0.8246688943418579,0.8691301196984585,0.6386607462178852,0.8884064,0.89912754,0.8787306547164917,0.75625
hotel_112,2023-06-25,0.75625,0.93125,0.7903376527173144,0.8540062390249721,0.6555502595289486,0.88458794,0.89862776,0.8787306547164917,0.7625
hotel_112,2023-06-26,0.75625,0.9375,0.8434935376375269,0.8737008473794525,0.6613132475763595,0.9204662,0.9019136,0.9487744569778442,0.76875
hotel_112,2023-06-27,0.75625,0.7875,0.8447242050752105,0.8711449977189181,0.6040902006232177,0.9304272,0.92485595,0.961509644985199,0.8625
hotel_112,2023-06-28,0.75625,0.98125,0.8678157012113104,0.8750787106667606,0.7364045438388265,0.91692376,0.9389083,0.9487744569778442,0.89375
hotel_112,2023-06-29,0.75625,0.75,0.8556846176835139,0.8647529558071749,0.6076292292282278,0.900483,0.88623136,0.9169363975524902,1.0
hotel_112,2023-06-30,0.75625,0.75625,0.8218651744936931,0.8575869933542561,0.5706617422924646,0.8632051,0.8441795,0.9424068331718445,0.96875
hotel_126,2023-06-03,1.00398406374502,1.0079681274900398,0.997042006636073,1.0177680974068501,1.0341534543750794,1.010653,1.008276,0.9916118383407593,0.9482071713147411
hotel_126,2023-06-04,1.00398406374502,0.9880478087649402,0.9309823494265196,0.9991886916972652,1.0577019378343961,0.9812462,0.96658546,0.9651688933372498,0.9880478087649402
hotel_126,2023-06-05,1.00398406374502,0.9641434262948207,0.9204551391003566,0.9817132463400761,1.0457524705741932,0.9820601,0.9676717,0.9850010871887207,1.0159362549800797
hotel_126,2023-06-06,1.00398406374502,0.9641434262948207,0.9251424968147317,0.9900800342805615,1.0434132890625485,1.012114,0.9920016,0.9916118383407593,1.0159362549800797
hotel_126,2023-06-07,1.00398406374502,1.00398406374502,0.9306592414986323,0.9825191126247333,1.0525914231651665,0.9934621,0.9717412,0.9916118383407593,1.0079681274900398
hotel_126,2023-06-08,1.00398406374502,0.8047808764940239,0.9211975136756855,0.9460817787761693,0.9603796692911724,0.97346777,0.9661167,0.9916118383407593,0.9960159362549801
hotel_126,2023-06-09,1.00398406374502,1.00398406374502,0.9943267550499054,0.9832337782114317,1.0093604835119092,1.011797,0.9943731,0.9850010871887207,0.9920318725099602
hotel_126,2023-06-10,1.00398406374502,1.0079681274900398,0.997042006636073,0.9999895985108255,1.038580529643554,1.0175147,1.0021607,0.9916118383407593,1.0
hotel_126,2023-06-11,1.00398406374502,0.9880478087649402,0.9309823494265196,0.9736214318548251,1.043596444697789,0.983216,0.9597117,0.9850010871887207,1.0
hotel_126,2023-06-12,1.00398406374502,0.9641434262948207,0.9204551391003566,0.982472002931939,1.0772640896587435,0.9927888,0.97125465,0.9850010871887207,0.9920318725099602
hotel_126,2023-06-13,1.00398406374502,0.9641434262948207,0.9251424968147317,0.9775883578261524,1.0766943077761932,1.0067874,0.9879166,0.9850010871887207,1.00398406374502
hotel_126,2023-06-14,1.00398406374502,1.00398406374502,0.9306592414986323,0.9884197555456828,1.0559734285524134,1.0005689,0.97436976,0.9916118383407593,1.0
hotel_126,2023-06-15,1.00398406374502,0.8047808764940239,0.9211975136756855,0.9432235940501011,0.9387765921368011,0.9730105,0.95575416,0.9916118383407593,1.00398406374502
hotel_126,2023-06-16,1.00398406374502,1.00398406374502,0.9943267550499054,0.989471924705769,1.0231415334546627,1.0020722,0.99211407,0.9850010871887207,1.0079681274900398
hotel_126,2023-06-17,1.00398406374502,1.0079681274900398,0.997042006636073,0.9903394593471646,1.045780369499858,1.0076188,0.99203646,0.9916118383407593,1.00398406374502
hotel_126,2023-06-18,1.00398406374502,0.9880478087649402,0.9309823494265196,0.9807925958998435,1.0480715605984574,0.98505235,0.95531005,0.9916118383407593,1.00398406374502
hotel_126,2023-06-19,1.00398406374502,0.9641434262948207,0.9204551391003566,0.9759123185929729,1.0665168325174839,0.97565985,0.9655151,0.9982225894927979,0.9960159362549801
hotel_126,2023-06-20,1.00398406374502,0.9641434262948207,0.9251424968147317,0.9836737360420884,1.0709147853897758,1.0058458,0.97914904,0.9916118383407593,0.9960159362549801
hotel_126,2023-06-21,1.00398406374502,1.00398406374502,0.9306592414986323,0.9815005447486864,1.0658101924597922,0.9929117,0.97081083,0.9916118383407593,1.00398406374502
hotel_126,2023-06-22,1.00398406374502,0.8047808764940239,0.9211975136756855,0.9537743157756021,0.943228245042664,0.9712091,0.95633066,0.9850010871887207,0.9880478087649402
hotel_126,2023-06-23,1.00398406374502,1.00398406374502,0.9943267550499054,0.9828573032396525,1.0270559702981217,1.006387,0.98621273,0.9783903360366821,1.00398406374502
hotel_126,2023-06-24,1.00398406374502,1.0079681274900398,0.997042006636073,0.9936739480659138,1.04826224930959,1.0086104,0.9979016,0.9916118383407593,1.00398406374502
hotel_126,2023-06-25,1.00398406374502,0.9880478087649402,0.9309823494265196,0.975845980597357,1.060246329216171,0.9726222,0.9643357,0.9783903360366821,1.00398406374502
hotel_126,2023-06-26,1.00398406374502,0.9641434262948207,0.9204551391003566,0.9809200610825602,1.0720741649637813,0.97340816,0.9649295,0.9916118383407593,1.00398406374502
hotel_126,2023-06-27,1.00398406374502,0.9641434262948207,0.9251424968147317,0.9786980034197519,1.0832774148398956,1.0017527,0.97631407,0.9850010871887207,0.9840637450199203
hotel_126,2023-06-28,1.00398406374502,1.00398406374502,0.9306592414986323,0.9853350492899773,1.0946138945576485,0.98517,0.9689108,0.9916118383407593,1.00398406374502
hotel_126,2023-06-29,1.00398406374502,0.8047808764940239,0.9211975136756855,0.9534537701434153,0.9840976588608908,0.9740099,0.95906967,0.9916118383407593,1.00398406374502
hotel_126,2023-06-30,1.00398406374502,1.00398406374502,0.9943267550499054,0.9861574284095997,1.0519110276337456,1.0078254,0.9861527,0.9850010871887207,0.9880478087649402
hotel_133,2023-06-03,0.9836065573770492,1.0,1.037077370061083,0.9607919291727159,0.9812446273327284,0.95605534,0.95179087,0.9511635899543762,1.0163934426229508
hotel_133,2023-06-04,0.9836065573770492,0.9016393442622951,0.8576544559535373,0.9144933299521363,0.9033717493573016,0.8481355,0.83115375,0.9333292841911316,0.9180327868852459
hotel_133,2023-06-05,0.9836065573770492,0.8524590163934426,0.889043604439115,0.8923584737911885,0.8753533059416607,0.8681876,0.8153626,0.9154950380325317,0.9508196721311475
hotel_133,2023-06-06,0.9836065573770492,0.8688524590163934,0.9057531881610257,0.8952734612910367,0.8864379615414426,0.9220555,0.8815188,0.9511635899543762,0.9672131147540983
hotel_133,2023-06-07,0.9836065573770492,1.0,0.9245417494255395,0.9372712592888998,0.9776537557649586,0.9515189,0.935253,0.9511635899543762,0.8852459016393442
hotel_133,2023-06-08,0.9836065573770492,1.0,0.9386354692108162,0.9368752401572116,0.9841741222145588,0.96833503,0.9635528,0.9333292841911316,0.9508196721311475
hotel_133,2023-06-09,0.9836065573770492,0.9836065573770492,1.0068598429153672,0.931343639481074,0.979741469260797,1.0129192,0.9766312,0.9689980149269104,0.9836065573770492
hotel_133,2023-06-10,0.9836065573770492,1.0,1.037077370061083,0.9238023668760793,0.9529620832377551,0.97858673,0.9462393,0.9689980149269104,1.0
hotel_133,2023-06-11,0.9836065573770492,0.9016393442622951,0.8576544559535373,0.9086015280882304,0.8615476712568502,0.8502108,0.82020795,0.9511635899543762,0.8032786885245902
hotel_133,2023-06-12,0.9836065573770492,0.8524590163934426,0.889043604439115,0.9013361644999834,0.8445772082420697,0.86009026,0.8227207,0.9808875322341919,0.9344262295081968
hotel_133,2023-06-13,0.9836065573770492,0.8688524590163934,0.9057531881610257,0.9022876180480505,0.8637436618318972,0.9182403,0.887818,0.9987218379974365,0.9836065573770492
hotel_133,2023-06-14,0.9836065573770492,1.0,0.9245417494255395,0.9160519458973442,0.9656825349973065,0.95382583,0.9458183,0.9987218379974365,1.0
hotel_133,2023-06-15,0.9836065573770492,1.0,0.9386354692108162,0.9159215006974688,0.9543205475605956,0.97467524,0.96581626,0.9987218379974365,1.0
hotel_133,2023-06-16,0.9836065573770492,0.9836065573770492,1.0068598429153672,0.9141081119484082,0.9527262424606652,1.0091021,0.9827277,0.9987218379974365,1.0
hotel_133,2023-06-17,0.9836065573770492,1.0,1.037077370061083,0.9116361513968487,0.9400347623832025,0.981867,0.9351791,0.9987218379974365,1.0
hotel_133,2023-06-18,0.9836065573770492,0.9016393442622951,0.8576544559535373,0.9066536192453897,0.8500798678628385,0.8615153,0.81939596,0.9987218379974365,0.9836065573770492
hotel_133,2023-06-19,0.9836065573770492,0.8524590163934426,0.889043604439115,0.9042721809930895,0.8230597327877884,0.860808,0.81150186,0.9808875322341919,0.9672131147540983
hotel_133,2023-06-20,0.9836065573770492,0.8688524590163934,0.9057531881610257,0.9045840395057446,0.8342796412976973,0.9196717,0.88220996,0.9808875322341919,0.9344262295081968
hotel_133,2023-06-21,0.9836065573770492,1.0,0.9245417494255395,0.9090956726384577,0.9163817335695501,0.9630421,0.9440453,0.9808875322341919,0.8524590163934426
hotel_133,2023-06-22,0.9836065573770492,1.0,0.9386354692108162,0.9090529146193568,0.8948822454249008,0.97333634,0.9633075,0.9987218379974365,0.819672131147541
hotel_133,2023-06-23,0.9836065573770492,0.9836065573770492,1.0068598429153672,0.9084585263436926,0.8973969282501215,0.9997573,0.98476446,0.9987218379974365,0.9344262295081968
hotel_133,2023-06-24,0.9836065573770492,1.0,1.037077370061083,0.9076482733561546,0.8898619374278008,0.97282916,0.94994205,0.9808875322341919,1.0163934426229508
hotel_133,2023-06-25,0.9836065573770492,0.9016393442622951,0.8576544559535373,0.9060151118141616,0.7850177694931384,0.86415195,0.8318931,0.9987218379974365,0.8852459016393442
hotel_133,2023-06-26,0.9836065573770492,0.8524590163934426,0.889043604439115,0.905234530129119,0.773295397451693,0.85091865,0.817092,0.9808875322341919,0.9836065573770492
hotel_133,2023-06-27,0.9836065573770492,0.8688524590163934,0.9057531881610257,0.9053367502938127,0.7964936172493724,0.93892443,0.87893,0.9511635899543762,0.9836065573770492
hotel_133,2023-06-28,0.9836065573770492,1.0,0.9245417494255395,0.9068155617061855,0.8847465595416952,0.9473364,0.9463269,0.9808875322341919,0.9508196721311475
hotel_133,2023-06-29,0.9836065573770492,1.0,0.9386354692108162,0.9068015465918317,0.8726680075083407,0.9767153,0.96254927,0.9987218379974365,0.9180327868852459
hotel_133,2023-06-30,0.9836065573770492,0.9836065573770492,1.0068598429153672,0.9066067195425054,0.8771883967895491,1.016802,0.98632705,0.9808875322341919,0.9672131147540983
hotel_14,2023-06-03,0.5660377358490566,0.6981132075471698,0.5856228761722997,0.673643230826088,0.5616692909874339,0.61045617,0.6008675,0.5669865608215332,0.660377358490566
hotel_14,2023-06-04,0.5660377358490566,0.4811320754716981,0.3625967115481431,0.5781643701253001,0.2943122362996241,0.4177207,0.45402274,0.5015650391578674,0.4528301886792453
hotel_14,2023-06-05,0.5660377358490566,0.37735849056603776,0.45754845204892763,0.5334780544573936,0.25722153649867135,0.46406043,0.47752002,0.41433635354042053,0.7452830188679245
hotel_14,2023-06-06,0.5660377358490566,0.49056603773584906,0.5421698752690773,0.5991104323324052,0.31558545371051105,0.593082,0.54425466,0.5015650391578674,0.8490566037735849
hotel_14,2023-06-07,0.5660377358490566,0.5471698113207547,0.5653450658290413,0.6320791697979489,0.3739265167807105,0.5960613,0.56431675,0.5288240313529968,0.8113207547169812
hotel_14,2023-06-08,0.5660377358490566,0.5188679245283019,0.5209390832107407,0.618580110904849,0.35752690777369406,0.54040504,0.57451224,0.5070168375968933,0.6320754716981132
hotel_14,2023-06-09,0.5660377358490566,0.5660377358490566,0.5554432718610073,0.6444423203559051,0.4617369995543869,0.6356459,0.6332794,0.5288240313529968,0.4716981132075472
hotel_14,2023-06-10,0.5660377358490566,0.6981132075471698,0.5856228761722997,0.7020216503523313,0.452809478019551,0.6263596,0.60892624,0.5833419561386108,0.5660377358490566
hotel_14,2023-06-11,0.5660377358490566,0.4811320754716981,0.3625967115481431,0.6515352915800028,0.18029635734075894,0.4382164,0.45930505,0.5015650391578674,0.3584905660377358
hotel_14,2023-06-12,0.5660377358490566,0.37735849056603776,0.45754845204892763,0.627919954300628,0.12435064770806264,0.4662198,0.47866958,0.4252399206161499,0.6792452830188679
hotel_14,2023-06-13,0.5660377358490566,0.49056603773584906,0.5421698752690773,0.6628419755975755,0.23685025311737798,0.57187533,0.5672801,0.5288240313529968,0.6981132075471698
hotel_14,2023-06-14,0.5660377358490566,0.5471698113207547,0.5653450658290413,0.6803857478365871,0.30818176002776587,0.5837412,0.583312,0.6106008887290955,0.6886792452830188
hotel_14,2023-06-15,0.5660377358490566,0.5188679245283019,0.5209390832107407,0.6732334708588921,0.2986569897438912,0.56231976,0.56587917,0.621504545211792,0.5849056603773585
hotel_14,2023-06-16,0.5660377358490566,0.5660377358490566,0.5554432718610073,0.6869788705456599,0.37852111813629064,0.63031065,0.62747735,0.621504545211792,0.6132075471698113
hotel_14,2023-06-17,0.5660377358490566,0.6981132075471698,0.5856228761722997,0.7175658119454185,0.3988444437365953,0.6176095,0.6046039,0.6106008887290955,0.6698113207547169
hotel_14,2023-06-18,0.5660377358490566,0.4811320754716981,0.3625967115481431,0.6907535888338132,0.11602216969569268,0.42464763,0.45934153,0.621504545211792,0.5
hotel_14,2023-06-19,0.5660377358490566,0.37735849056603776,0.45754845204892763,0.678212143266046,0.04370436630442169,0.4795418,0.4761976,0.49066147208213806,0.5849056603773585
hotel_14,2023-06-20,0.5660377358490566,0.49056603773584906,0.5421698752690773,0.6967609712112445,0.12186370396511735,0.5676685,0.5347208,0.5669865608215332,0.6698113207547169
hotel_14,2023-06-21,0.5660377358490566,0.5471698113207547,0.5653450658290413,0.7060793621139441,0.18873701785098052,0.5885068,0.56849086,0.5942455530166626,0.7264150943396226
hotel_14,2023-06-22,0.5660377358490566,0.5188679245283019,0.5209390832107407,0.7022807764884366,0.1934342318835451,0.5604533,0.5682739,0.621504545211792,0.6981132075471698
hotel_14,2023-06-23,0.5660377358490566,0.5660377358490566,0.5554432718610073,0.7095814677437746,0.27201283953884337,0.63196677,0.63815486,0.6596670746803284,0.7264150943396226
hotel_14,2023-06-24,0.5660377358490566,0.6981132075471698,0.5856228761722997,0.7258271476817256,0.29587353069033523,0.65540904,0.6246615,0.6869260668754578,0.6132075471698113
hotel_14,2023-06-25,0.5660377358490566,0.4811320754716981,0.3625967115481431,0.7115864163927395,0.021470602952152806,0.4488142,0.5079403,0.6106008887290955,0.5660377358490566
hotel_14,2023-06-26,0.5660377358490566,0.37735849056603776,0.45754845204892763,0.704925301105142,-0.06039657490957144,0.48675305,0.49547124,0.49066147208213806,0.5943396226415094
hotel_14,2023-06-27,0.5660377358490566,0.49056603773584906,0.5421698752690773,0.7147771375091044,0.016895337039947667,0.60796773,0.56951034,0.5669865608215332,0.5377358490566038
hotel_14,2023-06-28,0.5660377358490566,0.5471698113207547,0.5653450658290413,0.7197264133783504,0.07956696362042635,0.5973107,0.5941253,0.6433116793632507,0.5566037735849056
hotel_14,2023-06-29,0.5660377358490566,0.5188679245283019,0.5209390832107407,0.7177088750618881,0.08156354227530789,0.58091795,0.5777472,0.6433116793632507,0.7641509433962265
hotel_14,2023-06-30,0.5660377358490566,0.5660377358490566,0.5554432718610073,0.7215864881821454,0.14864365448973482,0.67759925,0.6574614,0.7250885963439941,0.5188679245283019
hotel_21,2023-06-03,1.0,1.0092592592592593,0.9965671900805182,1.0160671703102881,1.0282420190952763,1.0116009,1.0060503,0.995912492275238,1.0046296296296295
hotel_21,2023-06-04,1.0,1.0046296296296295,0.9338321213004529,0.9834442646667593,1.0376936180716168,0.9556661,0.9445696,0.954416036605835,0.9814814814814815
hotel_21,2023-06-05,1.0,0.75,0.9388737130839176,0.9229118275279125,0.8784314961474567,0.89774245,0.9109014,0.9751642346382141,1.0
hotel_21,2023-06-06,1.0,0.75,0.9832132560252524,0.9220957178169854,0.8922461189493904,0.92453724,0.9238267,0.954416036605835,0.9675925925925926
hotel_21,2023-06-07,1.0,0.8981481481481481,1.0058085506131955,0.940106989178008,0.9227994095397689,0.947884,0.94363475,0.9267518520355225,0.9583333333333334
hotel_21,2023-06-08,1.0,0.9444444444444444,1.0019568781737052,0.9676229069110484,0.9502605800902576,0.9473279,0.9612077,0.9336678981781006,1.0
hotel_21,2023-06-09,1.0,1.0,0.9885692352917795,0.9691952822498655,0.9557991097963456,0.98471355,0.9793452,0.9613320827484131,0.9907407407407407
hotel_21,2023-06-10,1.0,1.0092592592592593,0.9965671900805182,0.9696455212321548,1.0152424136792044,0.9919622,0.984007,0.9751642346382141,1.0231481481481481
hotel_21,2023-06-11,1.0,1.0046296296296295,0.9338321213004529,0.9725235910871594,1.0482287248313555,0.94068044,0.9336862,0.9889963269233704,0.9861111111111112
hotel_21,2023-06-12,1.0,0.75,0.9388737130839176,0.941000654040312,0.890701083811694,0.9130945,0.8984405,0.9820802807807922,1.0
hotel_21,2023-06-13,1.0,0.75,0.9832132560252524,0.9496235001014959,0.9139704293587115,0.9234897,0.9154617,0.9820802807807922,0.9768518518518519
hotel_21,2023-06-14,1.0,0.8981481481481481,1.0058085506131955,0.9543858045864072,0.9468800792354686,0.9519066,0.9452615,0.9889963269233704,0.9722222222222222
hotel_21,2023-06-15,1.0,0.9444444444444444,1.0019568781737052,0.9516949987282178,0.966327980668013,0.9596969,0.96124524,0.9751642346382141,0.9953703703703703
hotel_21,2023-06-16,1.0,1.0,0.9885692352917795,0.9641220889192748,0.989947786260941,0.9789438,0.97907573,0.954416036605835,1.0
hotel_21,2023-06-17,1.0,1.0092592592592593,0.9965671900805182,0.9556694037080548,1.0186094805608905,0.9928668,0.9856176,0.9751642346382141,1.0
hotel_21,2023-06-18,1.0,1.0046296296296295,0.9338321213004529,0.9566359870548908,1.036295326509681,0.9497554,0.92510206,0.9820802807807922,0.9583333333333334
hotel_21,2023-06-19,1.0,0.75,0.9388737130839176,0.9554444308418181,0.8679504607480184,0.8946844,0.8962625,0.9820802807807922,0.9768518518518519
hotel_21,2023-06-20,1.0,0.75,0.9832132560252524,0.9476323621152185,0.8981280255592679,0.92447424,0.9185598,0.9751642346382141,0.9814814814814815
hotel_21,2023-06-21,1.0,0.8981481481481481,1.0058085506131955,0.9560811880211316,0.9544348587781286,0.9442082,0.94038147,0.9889963269233704,0.9629629629629629
hotel_21,2023-06-22,1.0,0.9444444444444444,1.0019568781737052,0.9543216345820357,0.98278966556538,0.9515393,0.9500866,0.9751642346382141,0.9814814814814815
hotel_21,2023-06-23,1.0,1.0,0.9885692352917795,0.9523127142813881,1.0058845288277607,0.97336566,0.9804455,0.9820802807807922,0.9351851851851852
hotel_21,2023-06-24,1.0,1.0092592592592593,0.9965671900805182,0.9581048849535677,1.0308615905975298,0.9984446,0.9847017,0.9474999904632568,1.0
hotel_21,2023-06-25,1.0,1.0046296296296295,0.9338321213004529,0.9520518015672293,1.0389609994200881,0.9517213,0.9330321,0.968248188495636,0.9166666666666666
hotel_21,2023-06-26,1.0,0.75,0.9388737130839176,0.95313428321366,0.8755943311624046,0.89687777,0.90621746,0.9751642346382141,0.9861111111111112
hotel_21,2023-06-27,1.0,0.75,0.9832132560252524,0.9548541392062144,0.8952887446580394,0.9236623,0.9157894,0.9820802807807922,1.0
hotel_21,2023-06-28,1.0,0.8981481481481481,1.0058085506131955,0.9506382972251647,0.9411575599843363,0.9411391,0.94342625,0.9405839443206787,0.9953703703703703
hotel_21,2023-06-29,1.0,0.9444444444444444,1.0019568781737052,0.9555431062109712,0.9664468869230552,0.9620188,0.9545466,0.9751642346382141,0.9907407407407407
hotel_21,2023-06-30,1.0,1.0,0.9885692352917795,0.9534264685075423,0.9819854092615362,0.9904132,0.9779333,0.9889963269233704,0.9074074074074074
hotel_35,2023-06-03,0.55078125,0.515625,0.5229484063078094,0.538167059911453,0.5074038100232917,0.5566032,0.5651727,0.5511296391487122,0.533203125
hotel_35,2023-06-04,0.55078125,0.6015625,0.5068543749575442,0.5299888105449199,0.5216335058563603,0.56467104,0.56782126,0.5452352166175842,0.568359375
hotel_35,2023-06-05,0.55078125,0.654296875,0.5720222699067338,0.5704549772576879,0.6142249023879928,0.6382261,0.6363819,0.565865695476532,0.60546875
hotel_35,2023-06-06,0.55078125,0.63671875,0.6117736796790747,0.5809117274403203,0.6128564902807772,0.67893267,0.6716196,0.565865695476532,0.595703125
hotel_35,2023-06-07,0.55078125,0.529296875,0.6077387983316962,0.5576492808038446,0.49526108674186875,0.65885144,0.64995027,0.568812906742096,0.65625
hotel_35,2023-06-08,0.55078125,0.53125,0.5874570023570584,0.5393713054204737,0.4428606218905764,0.6066732,0.6153503,0.559971272945404,0.654296875
hotel_35,2023-06-09,0.55078125,0.55078125,0.5545927122659294,0.5302040926174376,0.4264493555155914,0.5939846,0.5962019,0.5540768504142761,0.705078125
hotel_35,2023-06-10,0.55078125,0.515625,0.5229484063078094,0.518586156444302,0.39147164145369506,0.5724373,0.56513023,0.562918484210968,0.587890625
hotel_35,2023-06-11,0.55078125,0.6015625,0.5068543749575442,0.5110538156058175,0.38433705306301996,0.58109003,0.57427275,0.5776546001434326,0.599609375
hotel_35,2023-06-12,0.55078125,0.654296875,0.5720222699067338,0.5483240120068736,0.4643808097161909,0.63753766,0.64569867,0.568812906742096,0.70703125
hotel_35,2023-06-13,0.55078125,0.63671875,0.6117736796790747,0.5579549003435373,0.4953127526449418,0.6762857,0.6684361,0.5422880053520203,0.78125
hotel_35,2023-06-14,0.55078125,0.529296875,0.6077387983316962,0.536529694416212,0.431545861378403,0.6674019,0.65505475,0.5275518894195557,0.8359375
hotel_35,2023-06-15,0.55078125,0.53125,0.5874570023570584,0.5196952920576373,0.4057802736760363,0.62361485,0.61937183,0.5069213509559631,0.83203125
hotel_35,2023-06-16,0.55078125,0.55078125,0.5545927122659294,0.511252094953138,0.3928465112054933,0.6091173,0.59896135,0.5098685622215271,0.693359375
hotel_35,2023-06-17,0.55078125,0.515625,0.5229484063078094,0.5005517297314656,0.3708373780634261,0.5776954,0.573676,0.5098685622215271,0.630859375
hotel_35,2023-06-18,0.55078125,0.6015625,0.5068543749575442,0.4936142843242278,0.3795492429301615,0.5546179,0.5795226,0.5069213509559631,0.56640625
hotel_35,2023-06-19,0.55078125,0.654296875,0.5720222699067338,0.5279409243945118,0.4738936867715025,0.6261414,0.6510161,0.5275518894195557,0.619140625
hotel_35,2023-06-20,0.55078125,0.63671875,0.6117736796790747,0.5368111764836686,0.47197325391087,0.65432966,0.67754465,0.5098685622215271,0.58203125
hotel_35,2023-06-21,0.55078125,0.529296875,0.6077387983316962,0.5170781081524759,0.3832029096925367,0.66711986,0.65895253,0.521657407283783,0.59375
hotel_35,2023-06-22,0.55078125,0.53125,0.5874570023570584,0.5015732671169518,0.34475687989951154,0.6316586,0.62641513,0.49807971715927124,0.77734375
hotel_35,2023-06-23,0.55078125,0.55078125,0.5545927122659294,0.49379690380161384,0.33275438648334404,0.59232926,0.6003244,0.5069213509559631,0.859375
hotel_35,2023-06-24,0.55078125,0.515625,0.5229484063078094,0.483941640855521,0.2783881355947471,0.58895606,0.56544846,0.5069213509559631,0.72265625
hotel_35,2023-06-25,0.55078125,0.6015625,0.5068543749575442,0.4775521067371887,0.3031384984402788,0.59192663,0.5901038,0.5010269284248352,0.7421875
hotel_35,2023-06-26,0.55078125,0.654296875,0.5720222699067338,0.5091676690979342,0.41515233856323175,0.6490807,0.6579223,0.5010269284248352,0.8359375
hotel_35,2023-06-27,0.55078125,0.63671875,0.6117736796790747,0.5173373590968993,0.43056269902161454,0.7077676,0.68598974,0.48039641976356506,0.919921875
hotel_35,2023-06-28,0.55078125,0.529296875,0.6077387983316962,0.49916278532223635,0.3323226443587066,0.6665542,0.6646604,0.49807971715927124,0.89453125
hotel_35,2023-06-29,0.55078125,0.53125,0.5874570023570584,0.4848824984182929,0.274156593875733,0.64053345,0.6299513,0.4921852946281433,0.8046875
hotel_35,2023-06-30,0.55078125,0.55078125,0.5545927122659294,0.47772030314277236,0.25667605260950727,0.6131879,0.60534,0.4921852946281433,0.6953125
hotel_42,2023-06-03,0.5789473684210527,1.0,0.6235235371777318,0.6057803661882868,0.7675639677342767,0.6079893,0.65272707,0.6503829956054688,0.6720647773279352
hotel_42,2023-06-04,0.5789473684210527,0.9959514170040485,0.2771541095301263,0.7180209430485639,0.39920845868616184,0.4303115,0.48378628,0.7467359900474548,0.562753036437247
hotel_42,2023-06-05,0.5789473684210527,0.21862348178137653,0.3575462852718987,0.5034445426884391,0.32970820207563867,0.47259426,0.53831327,0.8479066491127014,0.7408906882591093
hotel_42,2023-06-06,0.5789473684210527,0.25101214574898784,0.46404466213726625,0.5734298144918397,0.38346693954877387,0.5566358,0.5982319,0.8864479064941406,0.8623481781376519
hotel_42,2023-06-07,0.5789473684210527,0.27530364372469635,0.44306693331262137,0.5380824025537381,0.24784159912438736,0.5074405,0.5945909,0.944259762763977,0.6761133603238867
hotel_42,2023-06-08,0.5789473684210527,0.30364372469635625,0.44864531913861794,0.5878896477582756,0.2844324164638177,0.53187287,0.6208671,0.8816302418708801,0.7004048582995951
hotel_42,2023-06-09,0.5789473684210527,0.5789473684210527,0.5164536633446177,0.6160553133918176,0.5222925911792985,0.6263143,0.6942567,0.9201714396476746,0.8502024291497976
hotel_42,2023-06-10,0.5789473684210527,1.0,0.6235235371777318,0.655005989324797,0.5945028837342653,0.5838901,0.66024023,0.96834796667099,0.9473684210526315
hotel_42,2023-06-11,0.5789473684210527,0.9959514170040485,0.2771541095301263,0.6524522630011669,0.18649719019009137,0.41724604,0.50440955,0.9731656312942505,0.4291497975708502
hotel_42,2023-06-12,0.5789473684210527,0.21862348178137653,0.3575462852718987,0.6286492965480848,-0.0989996421156194,0.44404808,0.53887695,0.944259762763977,0.4898785425101215
hotel_42,2023-06-13,0.5789473684210527,0.25101214574898784,0.46404466213726625,0.6222267934580423,0.12636611007062098,0.52206314,0.6316735,0.977983295917511,1.0121457489878543
hotel_42,2023-06-14,0.5789473684210527,0.27530364372469635,0.44306693331262137,0.6341745245802616,0.03952892782867745,0.530082,0.6253153,0.9538950324058533,0.9959514170040485
hotel_42,2023-06-15,0.5789473684210527,0.30364372469635625,0.44864531913861794,0.6278374218550304,0.06519098641370796,0.5560571,0.6295918,0.809365451335907,0.6072874493927125
hotel_42,2023-06-16,0.5789473684210527,0.5789473684210527,0.5164536633446177,0.6501330649966465,0.31742719026815885,0.6717508,0.7152322,0.8141831159591675,0.7489878542510121
hotel_42,2023-06-17,0.5789473684210527,1.0,0.6235235371777318,0.6450518324929743,0.3556860583790467,0.6388219,0.67505145,0.8864479064941406,0.8906882591093117
hotel_42,2023-06-18,0.5789473684210527,0.9959514170040485,0.2771541095301263,0.6569361683874576,-0.007383792780156051,0.429403,0.5143392,0.9298067092895508,0.30364372469635625
hotel_42,2023-06-19,0.5789473684210527,0.21862348178137653,0.3575462852718987,0.6403883157687151,-0.38567556271316433,0.42652553,0.5510524,0.9635303616523743,0.4493927125506073
hotel_42,2023-06-20,0.5789473684210527,0.25101214574898784,0.46404466213726625,0.648746375862647,-0.2299688561828666,0.5249978,0.6081434,0.9731656312942505,0.6680161943319838
hotel_42,2023-06-21,0.5789473684210527,0.27530364372469635,0.44306693331262137,0.6427603145282108,-0.18290735232573568,0.4805042,0.5970422,0.96834796667099,0.951417004048583
hotel_42,2023-06-22,0.5789473684210527,0.30364372469635625,0.44864531913861794,0.6490592938563609,-0.09357713405331745,0.52476615,0.6170205,0.9731656312942505,0.7732793522267206
hotel_42,2023-06-23,0.5789473684210527,0.5789473684210527,0.5164536633446177,0.6472987246996114,0.22461224561210935,0.6391966,0.7044858,0.977983295917511,0.8906882591093117
hotel_42,2023-06-24,0.5789473684210527,1.0,0.6235235371777318,0.652247259873751,0.3181758583460018,0.5916689,0.68684816,0.9057185053825378,0.902834008097166
hotel_42,2023-06-25,0.5789473684210527,0.9959514170040485,0.2771541095301263,0.6495480224765909,-0.02192906483023299,0.4431557,0.5763534,0.9346243739128113,0.38461538461538464
hotel_42,2023-06-26,0.5789473684210527,0.21862348178137653,0.3575462852718987,0.6505666974283489,-0.3254299646486081,0.51949805,0.57022613,0.9153537750244141,0.7246963562753036
hotel_42,2023-06-27,0.5789473684210527,0.25101214574898784,0.46404466213726625,0.64820456375613,-0.1956940782988065,0.5812846,0.63167506,0.96834796667099,0.97165991902834
hotel_42,2023-06-28,0.5789473684210527,0.27530364372469635,0.44306693331262137,0.6506326465335575,-0.32432939221976587,0.55561936,0.6113049,0.9346243739128113,0.8947368421052632
hotel_42,2023-06-29,0.5789473684210527,0.30364372469635625,0.44864531913861794,0.6487024101577002,-0.2998909318228746,0.5399649,0.6051899,0.9538950324058533,0.7732793522267206
hotel_42,2023-06-30,0.5789473684210527,0.5789473684210527,0.5164536633446177,0.6512981698105169,-0.00875190565198064,0.66283244,0.69284403,0.9009008407592773,0.7611336032388664
hotel_49,2023-06-03,0.7336244541484717,0.6026200873362445,0.7381262854559625,0.6960327756823429,0.7449239820248335,0.7161395,0.71588224,0.7337214946746826,0.7292576419213974
hotel_49,2023-06-04,0.7336244541484717,0.5982532751091703,0.6469264161174458,0.6485204747392906,0.5908475756965825,0.6175158,0.6312581,0.7015407085418701,0.5676855895196506
hotel_49,2023-06-05,0.7336244541484717,0.4585152838427948,0.637129228474408,0.6005739966575517,0.4880528401594308,0.58376896,0.61456656,0.6822322607040405,0.6637554585152838
hotel_49,2023-06-06,0.7336244541484717,0.5327510917030568,0.6616359970623615,0.6136691285340512,0.5152686372856855,0.6390145,0.6174467,0.6307430267333984,0.6157205240174672
hotel_49,2023-06-07,0.7336244541484717,0.611353711790393,0.6611476395418645,0.6315050739436286,0.5313888404773338,0.60708237,0.6040985,0.6629237532615662,0.6462882096069869
hotel_49,2023-06-08,0.7336244541484717,0.6637554585152838,0.6762703554162109,0.6434902563541537,0.47846004186628477,0.6239519,0.63666344,0.650051474571228,0.5895196506550219
hotel_49,2023-06-09,0.7336244541484717,0.7336244541484717,0.7278446064543925,0.6604507599015672,0.5767867894957872,0.7058337,0.68980294,0.6178706884384155,0.6550218340611353
hotel_49,2023-06-10,0.7336244541484717,0.6026200873362445,0.7381262854559625,0.6511315139443179,0.6082503175196663,0.6966161,0.6693991,0.650051474571228,0.7336244541484717
hotel_49,2023-06-11,0.7336244541484717,0.5982532751091703,0.6469264161174458,0.6397938976658076,0.4666310560608169,0.6103319,0.60436755,0.650051474571228,0.6768558951965066
hotel_49,2023-06-12,0.7336244541484717,0.4585152838427948,0.637129228474408,0.6280499933980993,0.38348506209744676,0.5989416,0.5955698,0.6049984097480774,0.6331877729257642
hotel_49,2023-06-13,0.7336244541484717,0.5327510917030568,0.6616359970623615,0.6313449772312327,0.423311727428367,0.6233705,0.6077078,0.6371791958808899,0.7336244541484717
hotel_49,2023-06-14,0.7336244541484717,0.611353711790393,0.6611476395418645,0.635541585485299,0.42801831095213305,0.61736923,0.6037826,0.6564876437187195,0.6724890829694323
hotel_49,2023-06-15,0.7336244541484717,0.6637554585152838,0.6762703554162109,0.6385421313130495,0.3589195877231559,0.65848446,0.6284406,0.6436153650283813,0.6550218340611353
hotel_49,2023-06-16,0.7336244541484717,0.7336244541484717,0.7278446064543925,0.6425517282612448,0.39688433239242255,0.702956,0.6854535,0.6307430267333984,0.7117903930131004
hotel_49,2023-06-17,0.7336244541484717,0.6026200873362445,0.7381262854559625,0.6403795349717307,0.41092246958798306,0.67990035,0.6598648,0.6049984097480774,0.6899563318777293
hotel_49,2023-06-18,0.7336244541484717,0.5982532751091703,0.6469264161174458,0.6375660226113259,0.2726115219885619,0.60090417,0.5860119,0.6114345788955688,0.6244541484716157
hotel_49,2023-06-19,0.7336244541484717,0.4585152838427948,0.637129228474408,0.6347905296198515,0.15922705624710182,0.60314775,0.58892393,0.6178706884384155,0.5807860262008734
hotel_49,2023-06-20,0.7336244541484717,0.5327510917030568,0.6616359970623615,0.6355302486674962,0.2100775229235187,0.6186218,0.602994,0.5985622406005859,0.6855895196506551
hotel_49,2023-06-21,0.7336244541484717,0.611353711790393,0.6611476395418645,0.636595617255756,0.22927374098659725,0.6253274,0.60104704,0.5985622406005859,0.7117903930131004
hotel_49,2023-06-22,0.7336244541484717,0.6637554585152838,0.6762703554162109,0.6372761106806331,0.1901008246125334,0.62243944,0.6308005,0.6049984097480774,0.6331877729257642
hotel_49,2023-06-23,0.7336244541484717,0.7336244541484717,0.7278446064543925,0.6382856242211109,0.25360305267452227,0.705765,0.6936236,0.6178706884384155,0.6943231441048034
hotel_49,2023-06-24,0.7336244541484717,0.6026200873362445,0.7381262854559625,0.6377248332657071,0.27020822938409395,0.71046996,0.674559,0.5856899619102478,0.7248908296943232
hotel_49,2023-06-25,0.7336244541484717,0.5982532751091703,0.6469264161174458,0.6370761548243916,0.1301407234693459,0.6210453,0.61487573,0.6114345788955688,0.62882096069869
hotel_49,2023-06-26,0.7336244541484717,0.4585152838427948,0.637129228474408,0.6363769583971328,0.0048789114858717175,0.6046996,0.61095464,0.6178706884384155,0.6724890829694323
hotel_49,2023-06-27,0.7336244541484717,0.5327510917030568,0.6616359970623615,0.6365807924286768,0.03126595845579382,0.6346631,0.61606944,0.6178706884384155,0.7074235807860262
hotel_49,2023-06-28,0.7336244541484717,0.611353711790393,0.6611476395418645,0.6368161948522285,0.03071486041548033,0.6184515,0.6147177,0.5921261310577393,0.7030567685589519
hotel_49,2023-06-29,0.7336244541484717,0.6637554585152838,0.6762703554162109,0.6370004639819986,-0.03272159946397307,0.65956503,0.6428024,0.6049984097480774,0.6593886462882096
hotel_49,2023-06-30,0.7336244541484717,0.7336244541484717,0.7278446064543925,0.6372270223862664,0.009209465922305371,0.717652,0.7042422,0.5856899619102478,0.6593886462882096
hotel_56,2023-06-03,0.9416666666666667,1.0083333333333333,0.9225575267579209,0.9628479778776492,0.8869308769811175,0.9399062,0.9431454,0.9516715407371521,0.9833333333333333
hotel_56,2023-06-04,0.9416666666666667,0.975,0.7934296645717199,0.9494552577101361,0.7939774958404038,0.83316785,0.82397556,0.9105921983718872,0.7666666666666667
hotel_56,2023-06-05,0.9416666666666667,0.6,0.8186381137190706,0.813703470709433,0.9294387898451374,0.87493795,0.86345404,0.9722111821174622,0.875
hotel_56,2023-06-06,0.9416666666666667,0.8333333333333334,0.8563804883667919,0.897416811394664,0.9403608728680801,0.9319459,0.90581495,0.9105921983718872,1.0
hotel_56,2023-06-07,0.9416666666666667,0.85,0.8750441218515934,0.9032574417912739,0.9138616184610182,0.9023622,0.86609393,0.9653646349906921,0.925
hotel_56,2023-06-08,0.9416666666666667,0.8583333333333333,0.878815493250656,0.9061794589211252,0.8815063558019568,0.87629914,0.87693775,0.9722111821174622,0.8833333333333333
hotel_56,2023-06-09,0.9416666666666667,0.9416666666666667,0.9061319672670852,0.9361567512650726,0.9996504613613703,0.9589179,0.9512984,0.9653646349906921,1.0166666666666666
hotel_56,2023-06-10,0.9416666666666667,1.0083333333333333,0.9225575267579209,0.9437670792901143,0.963313938842292,0.9596247,0.9113489,0.9448249936103821,1.0083333333333333
hotel_56,2023-06-11,0.9416666666666667,0.975,0.7934296645717199,0.9389337469502959,0.8250324254890238,0.8229028,0.8189131,0.9722111821174622,0.725
hotel_56,2023-06-12,0.9416666666666667,0.6,0.8186381137190706,0.8900320376268215,0.8976271022001447,0.8758093,0.8625812,0.9790577292442322,0.9416666666666667
hotel_56,2023-06-13,0.9416666666666667,0.8333333333333334,0.8563804883667919,0.920182940151653,0.9816393776941219,0.9247572,0.92025995,0.9722111821174622,1.05
hotel_56,2023-06-14,0.9416666666666667,0.85,0.8750441218515934,0.9222856113576426,0.9798958354168343,0.8856405,0.8853157,0.9585180878639221,1.0083333333333333
hotel_56,2023-06-15,0.9416666666666667,0.8583333333333333,0.878815493250656,0.9233375714544964,0.9694710191815548,0.882883,0.8735769,0.9722111821174622,0.975
hotel_56,2023-06-16,0.9416666666666667,0.9416666666666667,0.9061319672670852,0.9341349846795375,1.0229442248069105,0.9540372,0.95362675,0.9448249936103821,0.9666666666666667
hotel_56,2023-06-17,0.9416666666666667,1.0083333333333333,0.9225575267579209,0.936876059511727,0.9943630806482571,0.94047916,0.9029465,0.9653646349906921,0.95
hotel_56,2023-06-18,0.9416666666666667,0.975,0.7934296645717199,0.9351350536471938,0.8708075113728443,0.8426801,0.8066389,0.9859043955802917,0.75
hotel_56,2023-06-19,0.9416666666666667,0.6,0.8186381137190706,0.9175208635480671,0.8727583602795744,0.8663754,0.8607541,0.9585180878639221,0.85
hotel_56,2023-06-20,0.9416666666666667,0.8333333333333334,0.8563804883667919,0.9283810578029994,0.9601862416385367,0.915262,0.90025616,0.9927509427070618,1.0083333333333333
hotel_56,2023-06-21,0.9416666666666667,0.85,0.8750441218515934,0.9291384224251154,0.9768275008741781,0.8835828,0.86775905,0.9859043955802917,0.9416666666666667
hotel_56,2023-06-22,0.9416666666666667,0.8583333333333333,0.878815493250656,0.9295173297530941,1.0104170704753868,0.8651088,0.877205,0.9722111821174622,0.9083333333333333
hotel_56,2023-06-23,0.9416666666666667,0.9416666666666667,0.9061319672670852,0.9334065040308324,1.0839984732821828,0.95258343,0.957071,0.9722111821174622,0.9666666666666667
hotel_56,2023-06-24,0.9416666666666667,1.0083333333333333,0.9225575267579209,0.9343938250684944,1.0339020950634032,0.9556276,0.9251311,0.9927509427070618,1.0083333333333333
hotel_56,2023-06-25,0.9416666666666667,0.975,0.7934296645717199,0.9337667227485656,0.9084032449948426,0.8399488,0.8526014,0.9927509427070618,1.0
hotel_56,2023-06-26,0.9416666666666667,0.6,0.8186381137190706,0.9274221764180671,0.9574522844368774,0.8774081,0.87838113,0.9927509427070618,1.0
hotel_56,2023-06-27,0.9416666666666667,0.8333333333333334,0.8563804883667919,0.9313339657866243,1.0025156030198572,0.9324805,0.90613645,0.9722111821174622,1.0166666666666666
hotel_56,2023-06-28,0.9416666666666667,0.85,0.8750441218515934,0.9316067648125181,1.002683584775278,0.8885252,0.87556213,0.9790577292442322,0.9833333333333333
hotel_56,2023-06-29,0.9416666666666667,0.8583333333333333,0.878815493250656,0.9317432453759926,1.0180393726019754,0.8835977,0.880475,0.9790577292442322,0.8666666666666667
hotel_56,2023-06-30,0.9416666666666667,0.9416666666666667,0.9061319672670852,0.9331441071378235,1.0972868784463654,0.968673,0.95428586,0.9722111821174622,0.9583333333333334
hotel_63,2023-06-03,0.7111111111111111,0.9644444444444444,0.8117287079900483,0.7716656282600012,0.740341256726867,0.81688887,0.8198447,0.9142007231712341,0.7555555555555555
hotel_63,2023-06-04,0.7111111111111111,0.9288888888888889,0.5180816994569175,0.7925400320367466,0.5467348591088418,0.59274596,0.6211665,0.9614869952201843,0.43555555555555553
hotel_63,2023-06-05,0.7111111111111111,0.5244444444444445,0.5247584954827331,0.6557938571841913,0.6114121045228547,0.6133687,0.5779885,0.6830235123634338,0.5422222222222223
hotel_63,2023-06-06,0.7111111111111111,0.6311111111111111,0.5959512644452947,0.7003378288578761,0.6059951275236586,0.76925117,0.67576474,0.6620074510574341,0.6
hotel_63,2023-06-07,0.7111111111111111,0.6488888888888888,0.612981407980453,0.7079212383936855,0.5760364872597692,0.75424504,0.7559396,0.6882776021957397,0.6666666666666666
hotel_63,2023-06-08,0.7111111111111111,0.6888888888888889,0.6152190494748339,0.7229209895262086,0.5317422732227416,0.70737916,0.7637693,0.7408177852630615,0.6755555555555556
hotel_63,2023-06-09,0.7111111111111111,0.7111111111111111,0.7585084269735789,0.7311506607903184,0.7246807489516445,0.8065926,0.8262933,0.7723420262336731,0.8888888888888888
hotel_63,2023-06-10,0.7111111111111111,0.9644444444444444,0.8117287079900483,0.7537888112535485,0.7957255456560874,0.88781977,0.88314587,0.9509789347648621,0.9688888888888889
hotel_63,2023-06-11,0.7111111111111111,0.9288888888888889,0.5180816994569175,0.7615910924945495,0.5320659005259125,0.62447816,0.6503265,0.9562329649925232,0.5866666666666667
hotel_63,2023-06-12,0.7111111111111111,0.5244444444444445,0.5247584954827331,0.7103343669689101,0.43416843453526255,0.5952634,0.6074954,0.7303097248077393,0.68
hotel_63,2023-06-13,0.7111111111111111,0.6311111111111111,0.5959512644452947,0.7270282044084143,0.510178873118269,0.7498636,0.72161424,0.7092936635017395,0.8177777777777778
hotel_63,2023-06-14,0.7111111111111111,0.6488888888888888,0.612981407980453,0.7298705703397629,0.44591714002844957,0.7942897,0.7837322,0.7828500866889954,0.6933333333333334
hotel_63,2023-06-15,0.7111111111111111,0.6888888888888889,0.6152190494748339,0.7354925193767978,0.4066652900435578,0.7525059,0.7648192,0.7618339657783508,0.7555555555555555
hotel_63,2023-06-16,0.7111111111111111,0.7111111111111111,0.7585084269735789,0.7385770067377926,0.6185857885643238,0.82211775,0.83124214,0.8248822093009949,0.9288888888888889
hotel_63,2023-06-17,0.7111111111111111,0.9644444444444444,0.8117287079900483,0.7470615885028268,0.7157358587818081,0.8685667,0.86104345,0.9509789347648621,1.0
hotel_63,2023-06-18,0.7111111111111111,0.9288888888888889,0.5180816994569175,0.7499858120146521,0.6391048679562498,0.608991,0.65056723,0.9667410254478455,0.8533333333333334
hotel_63,2023-06-19,0.7111111111111111,0.5244444444444445,0.5247584954827331,0.7307753026685526,0.4154755553980337,0.6023572,0.60834336,0.8564064502716064,0.7022222222222222
hotel_63,2023-06-20,0.7111111111111111,0.6311111111111111,0.5959512644452947,0.7370319859856089,0.43266444369479856,0.7352862,0.6913115,0.7460718154907227,0.7777777777777778
hotel_63,2023-06-21,0.7111111111111111,0.6488888888888888,0.612981407980453,0.7380972760673739,0.38586953096489546,0.7981663,0.7650801,0.830136239528656,0.7688888888888888
hotel_63,2023-06-22,0.7111111111111111,0.6888888888888889,0.6152190494748339,0.7402043263850597,0.33534981922710594,0.73121995,0.7395452,0.8511524200439453,0.9155555555555556
hotel_63,2023-06-23,0.7111111111111111,0.7111111111111111,0.7585084269735789,0.7413603614587633,0.5230341447996397,0.8365717,0.819151,0.8511524200439453,0.9955555555555555
hotel_63,2023-06-24,0.7111111111111111,0.9644444444444444,0.8117287079900483,0.7445402981054158,0.6044484556952915,0.89327806,0.86848366,0.9299627542495728,0.84
hotel_63,2023-06-25,0.7111111111111111,0.9288888888888889,0.5180816994569175,0.7456362679232669,0.4513907146850945,0.6050665,0.68074423,0.977249026298523,0.6311111111111111
hotel_63,2023-06-26,0.7111111111111111,0.5244444444444445,0.5247584954827331,0.7384363605538113,0.3998787608202772,0.6001062,0.58683914,0.977249026298523,0.8444444444444444
hotel_63,2023-06-27,0.7111111111111111,0.6311111111111111,0.5959512644452947,0.7407813030812566,0.41641316307218584,0.7707605,0.6898215,0.767087996006012,0.8844444444444445
hotel_63,2023-06-28,0.7111111111111111,0.6488888888888888,0.612981407980453,0.7411805631829376,0.3671810553116791,0.76337266,0.7592589,0.8406442999839783,0.8266666666666667
hotel_63,2023-06-29,0.7111111111111111,0.6888888888888889,0.6152190494748339,0.7419702646343593,0.2980379547463208,0.72034436,0.7342979,0.8826765418052673,0.8844444444444445
hotel_63,2023-06-30,0.7111111111111111,0.7111111111111111,0.7585084269735789,0.7424035350540995,0.4813793643178396,0.8511653,0.82176906,0.8143742084503174,0.8666666666666667
hotel_7,2023-06-03,0.8094462540716613,0.750814332247557,0.7270081556901234,0.7141855470862499,0.7082760684654691,0.7142273,0.776572,0.7983377575874329,0.6938110749185668
hotel_7,2023-06-04,0.8094462540716613,0.7785016286644951,0.7080671679310537,0.6901570628678215,0.6122592715035693,0.66253453,0.6653839,0.7539856433868408,0.50814332247557
hotel_7,2023-06-05,0.8094462540716613,0.6237785016286646,0.5797217911384903,0.5482431197851809,0.47720859014387573,0.60919434,0.6218575,0.6106942892074585,0.509771986970684
hotel_7,2023-06-06,0.8094462540716613,0.6270358306188925,0.571969959588913,0.5315333390859404,0.44318406237415064,0.60907435,0.62085223,0.6175176501274109,0.5700325732899023
hotel_7,2023-06-07,0.8094462540716613,0.6449511400651465,0.7372719503055183,0.6521980538789658,0.6161744006763835,0.69008404,0.6773231,0.7232803702354431,0.6905537459283387
hotel_7,2023-06-08,0.8094462540716613,0.7980456026058632,0.776442840243807,0.699153354356756,0.7256904949933562,0.7323712,0.74559027,0.7676324248313904,0.7214983713355049
hotel_7,2023-06-09,0.8094462540716613,0.8094462540716613,0.8082867631899068,0.7473968890378403,0.7766888320931057,0.777222,0.7795038,0.7846909761428833,0.7019543973941368
hotel_7,2023-06-10,0.8094462540716613,0.750814332247557,0.7270081556901234,0.6534950515987408,0.6360455223358736,0.70941997,0.7212502,0.7437505722045898,0.5146579804560261
hotel_7,2023-06-11,0.8094462540716613,0.7785016286644951,0.7080671679310537,0.6313977084616565,0.5430264340976471,0.64982563,0.6323896,0.7266920804977417,0.5684039087947883
hotel_7,2023-06-12,0.8094462540716613,0.6237785016286646,0.5797217911384903,0.4964015862814785,0.39940599383549985,0.5761538,0.5846905,0.6243410706520081,0.5863192182410424
hotel_7,2023-06-13,0.8094462540716613,0.6270358306188925,0.571969959588913,0.483044162294316,0.3732523878009134,0.5761854,0.5861106,0.590224027633667,0.5488599348534202
hotel_7,2023-06-14,0.8094462540716613,0.6449511400651465,0.7372719503055183,0.6173714154857254,0.5345181305440833,0.6532986,0.644716,0.7130452394485474,0.6400651465798045
hotel_7,2023-06-15,0.8094462540716613,0.7980456026058632,0.776442840243807,0.6589331003550214,0.640235999837961,0.752976,0.72437614,0.7437505722045898,0.6710097719869706
hotel_7,2023-06-16,0.8094462540716613,0.8094462540716613,0.8082867631899068,0.714016526809788,0.6677308719224644,0.75833094,0.76211095,0.7539856433868408,0.6742671009771987
hotel_7,2023-06-17,0.8094462540716613,0.750814332247557,0.7270081556901234,0.6233998203791518,0.5389156398181096,0.6700284,0.6955999,0.7369271516799927,0.4495114006514658
hotel_7,2023-06-18,0.8094462540716613,0.7785016286644951,0.7080671679310537,0.6042791224552557,0.4665564926026931,0.6425268,0.6193979,0.6618697047233582,0.4381107491856677
hotel_7,2023-06-19,0.8094462540716613,0.6237785016286646,0.5797217911384903,0.47238376111221053,0.3222105426739559,0.56194913,0.57851154,0.5526953935623169,0.4560260586319218
hotel_7,2023-06-20,0.8094462540716613,0.6270358306188925,0.571969959588913,0.461528307035014,0.2994558554648684,0.56978655,0.5991994,0.5629304647445679,0.34364820846905536
hotel_7,2023-06-21,0.8094462540716613,0.6449511400651465,0.7372719503055183,0.5990223587468874,0.4231057989607402,0.6440487,0.65359044,0.6721048951148987,0.41042345276872966
hotel_7,2023-06-22,0.8094462540716613,0.7980456026058632,0.776442840243807,0.6418376070836459,0.532016240933675,0.7174125,0.7181259,0.6584580540657043,0.3745928338762215
hotel_7,2023-06-23,0.8094462540716613,0.8094462540716613,0.8082867631899068,0.6990637382827138,0.5491520821285165,0.73623455,0.7636856,0.716456949710846,0.4169381107491857
hotel_7,2023-06-24,0.8094462540716613,0.750814332247557,0.7270081556901234,0.6100998818279907,0.4205969319946364,0.6855003,0.70728886,0.6721048951148987,0.33876221498371334
hotel_7,2023-06-25,0.8094462540716613,0.7785016286644951,0.7080671679310537,0.5924501037337427,0.3431130196445271,0.67010945,0.61781,0.6004591584205627,0.3289902280130293
hotel_7,2023-06-26,0.8094462540716613,0.6237785016286646,0.5797217911384903,0.4618996752044406,0.18648632788972433,0.59514034,0.593541,0.46057945489883423,0.247557003257329
hotel_7,2023-06-27,0.8094462540716613,0.6270358306188925,0.571969959588913,0.45221455809828864,0.15765092878672748,0.5808941,0.60560286,0.5151666402816772,0.28664495114006516
hotel_7,2023-06-28,0.8094462540716613,0.6449511400651465,0.7372719503055183,0.5908302949671977,0.29053451434246674,0.6615815,0.6528498,0.6141059994697571,0.44788273615635177
hotel_7,2023-06-29,0.8094462540716613,0.7980456026058632,0.776442840243807,0.6345019775706854,0.3964645562228363,0.7192484,0.72740114,0.6311644315719604,0.5521172638436482
hotel_7,2023-06-30,0.8094462540716613,0.8094462540716613,0.8082867631899068,0.6925788589809612,0.4145066889094432,0.7405913,0.7636767,0.6857516765594482,0.6498371335504886
hotel_70,2023-06-03,0.5657894736842105,0.41228070175438597,0.5917986913036359,0.5763195113038481,0.5822227211458567,0.55344665,0.5365554,0.53804612159729,0.5964912280701754
hotel_70,2023-06-04,0.5657894736842105,0.4298245614035088,0.48171847607544516,0.5847435413995581,0.45234319538031786,0.41041312,0.4218898,0.489132821559906,0.4649122807017544
hotel_70,2023-06-05,0.5657894736842105,0.2543859649122807,0.48848736242562163,0.500503240442458,0.32865735221406606,0.39934856,0.411718,0.45652395486831665,0.4473684210526316
hotel_70,2023-06-06,0.5657894736842105,0.35964912280701755,0.481538355076262,0.551047421016718,0.29613959449156857,0.43586144,0.4230461,0.4361434578895569,0.5131578947368421
hotel_70,2023-06-07,0.5657894736842105,0.4868421052631579,0.46774949360625423,0.6121216392106156,0.24393435970079758,0.3967099,0.39713395,0.4483717679977417,0.5877192982456141
hotel_70,2023-06-08,0.5657894736842105,0.5964912280701754,0.5069465780793083,0.6647718273088031,0.32324036754935337,0.4320057,0.4372449,0.45652395486831665,0.6140350877192983
hotel_70,2023-06-09,0.5657894736842105,0.5657894736842105,0.5620563067445632,0.6500297746413106,0.30089520165384753,0.50264233,0.5037995,0.44021955132484436,0.6403508771929824
hotel_70,2023-06-10,0.5657894736842105,0.41228070175438597,0.5917986913036359,0.6550859798088674,0.3212628776974517,0.4792103,0.4767364,0.4198389947414398,0.6403508771929824
hotel_70,2023-06-11,0.5657894736842105,0.4298245614035088,0.48171847607544516,0.6591309439429128,0.23850142021226406,0.37648883,0.39178336,0.4198389947414398,0.5877192982456141
hotel_70,2023-06-12,0.5657894736842105,0.2543859649122807,0.48848736242562163,0.6186813026024589,0.12146483812296117,0.39911908,0.39530185,0.41168680787086487,0.5526315789473685
hotel_70,2023-06-13,0.5657894736842105,0.35964912280701755,0.481538355076262,0.6429510874067312,0.1462798074401619,0.41560298,0.4036242,0.4198389947414398,0.5175438596491229
hotel_70,2023-06-14,0.5657894736842105,0.4868421052631579,0.46774949360625423,0.6722770773785604,0.08487590952940084,0.39036745,0.38940477,0.41576290130615234,0.543859649122807
hotel_70,2023-06-15,0.5657894736842105,0.5964912280701754,0.5069465780793083,0.697558103216344,0.1804475071317625,0.42075437,0.42400908,0.39945849776268005,0.5789473684210527
hotel_70,2023-06-16,0.5657894736842105,0.5657894736842105,0.5620563067445632,0.6904794159817647,0.14621861733658414,0.46911627,0.5069509,0.41576290130615234,0.6447368421052632
hotel_70,2023-06-17,0.5657894736842105,0.41228070175438597,0.5917986913036359,0.6929072525783548,0.14857353009121022,0.44527802,0.45018968,0.407610684633255,0.7368421052631579
hotel_70,2023-06-18,0.5657894736842105,0.4298245614035088,0.48171847607544516,0.694849521855627,0.06360015065747968,0.36334342,0.3705322,0.4239151179790497,0.6447368421052632
hotel_70,2023-06-19,0.5657894736842105,0.2543859649122807,0.48848736242562163,0.6754268290829054,-0.07258565802564704,0.40119347,0.38357574,0.4239151179790497,0.5701754385964912
hotel_70,2023-06-20,0.5657894736842105,0.35964912280701755,0.481538355076262,0.6870804447465384,-0.049989257741621704,0.41746393,0.39324135,0.40353459119796753,0.6096491228070176
hotel_70,2023-06-21,0.5657894736842105,0.4868421052631579,0.46774949360625423,0.7011618970067616,-0.10859694670621706,0.4012896,0.39090428,0.40353459119796753,0.5526315789473685
hotel_70,2023-06-22,0.5657894736842105,0.5964912280701754,0.5069465780793083,0.7133010799897126,0.0018849198200991263,0.41178527,0.4230509,0.407610684633255,0.5482456140350878
hotel_70,2023-06-23,0.5657894736842105,0.5657894736842105,0.5620563067445632,0.7099021087544863,-0.05389948711831813,0.50242203,0.5006222,0.3709257245063782,0.6403508771929824
hotel_70,2023-06-24,0.5657894736842105,0.41228070175438597,0.5917986913036359,0.7110678823622434,-0.07076231894208121,0.47901046,0.47337902,0.407610684633255,0.7982456140350878
hotel_70,2023-06-25,0.5657894736842105,0.4298245614035088,0.48171847607544516,0.712000501248449,-0.15843029233178896,0.40003258,0.40188468,0.41168680787086487,0.6535087719298246
hotel_70,2023-06-26,0.5657894736842105,0.2543859649122807,0.48848736242562163,0.7026743123863923,-0.2602291430666253,0.39659226,0.39681527,0.4198389947414398,0.7105263157894737
hotel_70,2023-06-27,0.5657894736842105,0.35964912280701755,0.481538355076262,0.7082700257036264,-0.24538355858009028,0.43485433,0.40576282,0.4361434578895569,0.7105263157894737
hotel_70,2023-06-28,0.5657894736842105,0.4868421052631579,0.46774949360625423,0.7150315126286175,-0.28201450692864527,0.396347,0.3869811,0.44429564476013184,0.75
hotel_70,2023-06-29,0.5657894736842105,0.5964912280701754,0.5069465780793083,0.720860380667403,-0.15734060748619305,0.4339594,0.42239428,0.4361434578895569,0.7587719298245614
hotel_70,2023-06-30,0.5657894736842105,0.5657894736842105,0.5620563067445632,0.719228297616543,-0.1869784848046317,0.4978608,0.501523,0.4320673644542694,0.8377192982456141
hotel_84,2023-06-03,0.9273356401384083,0.8719723183391004,0.9576001322148802,0.9670841222793839,1.0676050240991775,0.9527525,0.9066729,0.9732036590576172,0.9619377162629758
hotel_84,2023-06-04,0.9273356401384083,0.8477508650519031,0.7039536649142274,0.8618851693934526,1.0454032570888088,0.77906567,0.77836764,0.9527152180671692,0.8858131487889274
hotel_84,2023-06-05,0.9273356401384083,0.6539792387543253,0.7238423096192661,0.7499441573241039,0.9527953239586754,0.7829862,0.7904302,0.9014939069747925,0.6262975778546713
hotel_84,2023-06-06,0.9273356401384083,0.6124567474048442,0.7809622096635512,0.7082658430616315,0.823838540277269,0.8350121,0.8140395,0.9373488426208496,0.7889273356401384
hotel_84,2023-06-07,0.9273356401384083,0.657439446366782,0.7904199082712313,0.7273422271506549,0.6963425938280977,0.79994744,0.80505794,0.9322267174720764,0.7820069204152249
hotel_84,2023-06-08,0.9273356401384083,0.740484429065744,0.7785679780233528,0.7737686836557306,0.6780104986145261,0.7771059,0.8285789,0.92198246717453,0.7577854671280276
hotel_84,2023-06-09,0.9273356401384083,0.9273356401384083,0.911509469720994,0.8715779463631413,0.7785827811248515,0.8749842,0.8863617,0.9834479093551636,0.9446366782006921
hotel_84,2023-06-10,0.9273356401384083,0.8719723183391004,0.9576001322148802,0.8977722849168569,0.9784631878688528,0.87916964,0.8655841,0.9732036590576172,1.0103806228373702
hotel_84,2023-06-11,0.9273356401384083,0.8477508650519031,0.7039536649142274,0.8343417917385019,0.9986774679371778,0.7560795,0.7561678,0.9732036590576172,0.8858131487889274
hotel_84,2023-06-12,0.9273356401384083,0.6539792387543253,0.7238423096192661,0.7761515046459394,1.0758731186369355,0.7847253,0.7819355,0.9732036590576172,0.9515570934256056
hotel_84,2023-06-13,0.9273356401384083,0.6124567474048442,0.7809622096635512,0.7492464745014622,1.0470545195232093,0.8252869,0.81747717,0.9373488426208496,0.9653979238754326
hotel_84,2023-06-14,0.9273356401384083,0.657439446366782,0.7904199082712313,0.7629415263010927,0.9463400088111835,0.81712365,0.8021476,0.9629594683647156,0.8858131487889274
hotel_84,2023-06-15,0.9273356401384083,0.740484429065744,0.7785679780233528,0.7860527768189838,0.9227632980881771,0.8039845,0.82674736,0.9732036590576172,0.9619377162629758
hotel_84,2023-06-16,0.9273356401384083,0.9273356401384083,0.911509469720994,0.8426157764690922,1.0330945928307884,0.86866754,0.8938403,0.9732036590576172,1.0
hotel_84,2023-06-17,0.9273356401384083,0.8719723183391004,0.9576001322148802,0.8552993477926236,1.18043852072609,0.8878872,0.8520427,0.9732036590576172,0.9930795847750865
hotel_84,2023-06-18,0.9273356401384083,0.8477508650519031,0.7039536649142274,0.8216053955007446,1.1896658027225584,0.74302924,0.7373698,0.9629594683647156,0.986159169550173
hotel_84,2023-06-19,0.9273356401384083,0.6539792387543253,0.7238423096192661,0.7879908756665945,1.1299060642200272,0.7698749,0.7687628,0.9885700345039368,0.7958477508650519
hotel_84,2023-06-20,0.9273356401384083,0.6124567474048442,0.7809622096635512,0.7741044661021798,1.077103127759428,0.8149758,0.79984164,0.968081533908844,0.9204152249134948
hotel_84,2023-06-21,0.9273356401384083,0.657439446366782,0.7904199082712313,0.7808355341245419,1.0738884603085646,0.79302347,0.7911419,0.9834479093551636,1.0
hotel_84,2023-06-22,0.9273356401384083,0.740484429065744,0.7785679780233528,0.7943993234209796,1.071858889309438,0.7872034,0.8035872,0.9885700345039368,0.9688581314878892
hotel_84,2023-06-23,0.9273356401384083,0.9273356401384083,0.911509469720994,0.8252274094561719,1.1860325585129483,0.8800899,0.8770631,0.9885700345039368,0.6643598615916955
hotel_84,2023-06-24,0.9273356401384083,0.8719723183391004,0.9576001322148802,0.8327660360792892,1.3354910350069593,0.89051366,0.84933424,0.968081533908844,0.903114186851211
hotel_84,2023-06-25,0.9273356401384083,0.8477508650519031,0.7039536649142274,0.8136411048633313,1.3575048198990618,0.77258015,0.76941437,0.9424709677696228,0.8961937716262975
hotel_84,2023-06-26,0.9273356401384083,0.6539792387543253,0.7238423096192661,0.795299531457005,1.2877269516542535,0.77629685,0.771173,0.9783257842063904,0.9515570934256056
hotel_84,2023-06-27,0.9273356401384083,0.6124567474048442,0.7809622096635512,0.7873095929262709,1.1977217294450742,0.84405035,0.8059739,0.9885700345039368,0.7231833910034602
hotel_84,2023-06-28,0.9273356401384083,0.657439446366782,0.7904199082712313,0.7912756397876719,1.0884044784372016,0.80120045,0.8075321,0.9885700345039368,0.7197231833910035
hotel_84,2023-06-29,0.9273356401384083,0.740484429065744,0.7785679780233528,0.798624927691845,1.107149529546182,0.80087745,0.81866705,0.99369215965271,0.8823529411764706
hotel_84,2023-06-30,0.9273356401384083,0.9273356401384083,0.911509469720994,0.8159057900075423,1.2656759169025051,0.90821844,0.8957957,0.99369215965271,0.9134948096885813
hotel_91,2023-06-03,0.9662921348314607,1.0674157303370786,0.9612275496393161,0.9860230121090435,1.0125652628480657,0.9835594,0.9815427,0.9232197403907776,0.9550561797752809
hotel_91,2023-06-04,0.9662921348314607,1.0112359550561798,0.7912019758843001,0.9563690875649807,0.9068905380823669,0.88314104,0.89829344,0.9759752154350281,0.8764044943820225
hotel_91,2023-06-05,0.9662921348314607,0.5617977528089888,0.9215326932874931,0.8273419997689623,0.6961578233799868,0.9268009,0.94724494,0.9126687049865723,0.8651685393258427
hotel_91,2023-06-06,0.9662921348314607,0.9775280898876404,1.016453272894178,0.9379668134689386,0.817290206242305,1.005453,1.0140952,0.965424120426178,0.9550561797752809
hotel_91,2023-06-07,0.9662921348314607,1.0,1.0184593934986617,0.9428395953507617,0.8769113384362652,0.9889304,0.99202687,0.965424120426178,1.0
hotel_91,2023-06-08,0.9662921348314607,0.9550561797752809,0.9417989528925165,0.930013430328594,0.878085913549354,0.8785419,0.93118614,0.965424120426178,0.9550561797752809
hotel_91,2023-06-09,0.9662921348314607,0.9662921348314607,0.9649664736053538,0.9328305935969311,1.0461640118102498,0.90669715,0.957393,0.9443219900131226,0.9213483146067416
hotel_91,2023-06-10,0.9662921348314607,1.0674157303370786,0.9612275496393161,0.9381045268444108,1.1460000750923987,0.9417105,0.95250046,0.9232197403907776,1.0112359550561798
hotel_91,2023-06-11,0.9662921348314607,1.0112359550561798,0.7912019758843001,0.9299622959644849,1.0526856144915162,0.8722026,0.8873954,0.965424120426178,0.6966292134831461
hotel_91,2023-06-12,0.9662921348314607,0.5617977528089888,0.9215326932874931,0.8947272835037537,0.9142644288803814,0.9362048,0.96272206,0.9759752154350281,1.0
hotel_91,2023-06-13,0.9662921348314607,0.9775280898876404,1.016453272894178,0.9249084029837638,1.0927282909609493,0.9902261,1.0340745,0.9548730850219727,0.9325842696629213
hotel_91,2023-06-14,0.9662921348314607,1.0,1.0184593934986617,0.9262339067215678,1.1084178119658117,0.9755512,1.012644,0.9548730850219727,0.9101123595505618
hotel_91,2023-06-15,0.9662921348314607,0.9550561797752809,0.9417989528925165,0.922731558748845,1.050981812255448,0.8616992,0.940154,0.965424120426178,0.9887640449438202
hotel_91,2023-06-16,0.9662921348314607,0.9662921348314607,0.9649664736053538,0.9234995390700245,1.1152246686126532,0.9173376,0.9648834,0.9759752154350281,0.8764044943820225
hotel_91,2023-06-17,0.9662921348314607,1.0674157303370786,0.9612275496393161,0.9249384786842023,1.2094521621105672,0.94357586,0.9389676,0.9337708353996277,0.9325842696629213
hotel_91,2023-06-18,0.9662921348314607,1.0112359550561798,0.7912019758843001,0.9227161938427632,1.1007500143537405,0.873011,0.8740457,0.9232197403907776,0.7078651685393258
hotel_91,2023-06-19,0.9662921348314607,0.5617977528089888,0.9215326932874931,0.9131000495574045,0.8974652675442343,0.91517717,0.9306604,0.9548730850219727,0.7752808988764045
hotel_91,2023-06-20,0.9662921348314607,0.9775280898876404,1.016453272894178,0.9213368151221072,1.1774628271776042,0.97231495,1.0060368,0.965424120426178,0.9887640449438202
hotel_91,2023-06-21,0.9662921348314607,1.0,1.0184593934986617,0.9216985464768738,1.2039315522272154,0.9876443,0.99267125,0.965424120426178,0.9325842696629213
hotel_91,2023-06-22,0.9662921348314607,0.9550561797752809,0.9417989528925165,0.920742705944475,1.1452995453705306,0.8743381,0.92801017,0.965424120426178,0.8202247191011236
hotel_91,2023-06-23,0.9662921348314607,0.9662921348314607,0.9649664736053538,0.9209522942759862,1.1830015604522577,0.9196917,0.95363367,0.886290967464447,0.8764044943820225
hotel_91,2023-06-24,0.9662921348314607,1.0674157303370786,0.9612275496393161,0.9213449973012158,1.241993140638245,0.9206126,0.93460286,0.9548730850219727,0.8539325842696629
hotel_91,2023-06-25,0.9662921348314607,1.0112359550561798,0.7912019758843001,0.9207385078187933,1.1380096881166621,0.867145,0.8983939,0.9759752154350281,0.8202247191011236
hotel_91,2023-06-26,0.9662921348314607,0.5617977528089888,0.9215326932874931,0.9181141433725113,0.9163988223518279,0.9227676,0.9379127,0.965424120426178,0.9775280898876404
hotel_91,2023-06-27,0.9662921348314607,0.9775280898876404,1.016453272894178,0.9203620580049879,1.1707947051183263,1.0218775,0.9975959,0.9548730850219727,1.0112359550561798
hotel_91,2023-06-28,0.9662921348314607,1.0,1.0184593934986617,0.9204607788945457,1.235647239797189,0.9572513,0.9860506,0.965424120426178,1.0224719101123596
hotel_91,2023-06-29,0.9662921348314607,0.9550561797752809,0.9417989528925165,0.9201999182203957,1.1957555540753155,0.8675834,0.92231935,0.9443219900131226,0.898876404494382
hotel_91,2023-06-30,0.9662921348314607,0.9662921348314607,0.9649664736053538,0.9202571174467106,1.2371330202308068,0.9099154,0.9389671,0.9759752154350281,0.8651685393258427
hotel_98,2023-06-03,0.16129032258064516,0.1693548387096774,0.22577059599774307,0.16129032258064516,0.13575324401779648,0.22632338,0.2462163,0.1928892284631729,0.21774193548387097
hotel_98,2023-06-04,0.16129032258064516,0.08870967741935484,0.039377439727794616,0.11888624970907703,0.007333097742703826,0.11992868,0.15007918,0.08889677375555038,0.06451612903225806
hotel_98,2023-06-05,0.16129032258064516,0.056451612903225805,0.021734439346263505,0.10192462056044978,0.01710922579920473,0.097719975,0.11607248,0.05702811852097511,0.04838709677419355
hotel_98,2023-06-06,0.16129032258064516,0.04838709677419355,0.022665848368396288,0.09768421327329296,0.016581581647482184,0.1309682,0.121454254,0.07212380319833755,0.03225806451612903
hotel_98,2023-06-07,0.16129032258064516,0.08870967741935484,0.01747963288903117,0.11888624970907703,0.04305864099400368,0.12831664,0.15103754,0.06373731046915054,0.07258064516129033
hotel_98,2023-06-08,0.16129032258064516,0.11290322580645161,0.04957727825946995,0.13160747157054747,0.0917056332480093,0.16531737,0.19956675,0.08889677375555038,0.08064516129032258
hotel_98,2023-06-09,0.16129032258064516,0.16129032258064516,0.16129561302280312,0.15704991529348836,0.09592868111162768,0.26496542,0.24933416,0.12915191054344177,0.3790322580645161
hotel_98,2023-06-10,0.16129032258064516,0.1693548387096774,0.22577059599774307,0.15704991529348836,0.015904455479792926,0.2991317,0.28425533,0.17779354751110077,0.5080645161290323
hotel_98,2023-06-11,0.16129032258064516,0.08870967741935484,0.039377439727794616,0.13475340838188232,-0.1762205992931884,0.16090843,0.19059005,0.07212380319833755,0.1532258064516129
hotel_98,2023-06-12,0.16129032258064516,0.056451612903225805,0.021734439346263505,0.12583480561723992,-0.17049881364777222,0.11094728,0.122171625,0.040255144238471985,0.14516129032258066
hotel_98,2023-06-13,0.16129032258064516,0.04838709677419355,0.022665848368396288,0.12360515492607932,-0.15423100838589474,0.14003603,0.12529875,0.040255144238471985,0.12096774193548387
hotel_98,2023-06-14,0.16129032258064516,0.08870967741935484,0.01747963288903117,0.13475340838188232,-0.11328991240485374,0.1313414,0.13915367,0.0486416332423687,0.07258064516129033
hotel_98,2023-06-15,0.16129032258064516,0.11290322580645161,0.04957727825946995,0.14144236045536412,-0.07417750186481863,0.15375954,0.16090214,0.03690054640173912,0.08064516129032258
hotel_98,2023-06-16,0.16129032258064516,0.16129032258064516,0.16129561302280312,0.15482026460232773,-0.06450575362310695,0.24059832,0.2160416,0.08889677375555038,0.16129032258064516
hotel_98,2023-06-17,0.16129032258064516,0.1693548387096774,0.22577059599774307,0.15482026460232773,-0.1104701209479804,0.25934315,0.25263196,0.11237893998622894,0.25806451612903225
hotel_98,2023-06-18,0.16129032258064516,0.08870967741935484,0.039377439727794616,0.14309652707444928,-0.2655754196394696,0.14853299,0.17010891,0.11237893998622894,0.06451612903225806
hotel_98,2023-06-19,0.16129032258064516,0.056451612903225805,0.021734439346263505,0.1384070320632979,-0.2714367079654176,0.100043155,0.10724323,0.06373731046915054,0.06451612903225806
hotel_98,2023-06-20,0.16129032258064516,0.04838709677419355,0.022665848368396288,0.13723465831051007,-0.25257839631917955,0.12156528,0.11248152,0.05702811852097511,0.08064516129032258
hotel_98,2023-06-21,0.16129032258064516,0.08870967741935484,0.01747963288903117,0.14309652707444928,-0.20211686953381364,0.12975049,0.12486458,0.06373731046915054,0.11290322580645161
hotel_98,2023-06-22,0.16129032258064516,0.11290322580645161,0.04957727825946995,0.14661364833281282,-0.16600083829776735,0.16908155,0.1498756,0.0486416332423687,0.1532258064516129
hotel_98,2023-06-23,0.16129032258064516,0.16129032258064516,0.16129561302280312,0.1536478908495399,-0.14553218786634525,0.24181183,0.22062856,0.08889677375555038,0.4435483870967742
hotel_98,2023-06-24,0.16129032258064516,0.1693548387096774,0.22577059599774307,0.1536478908495399,-0.19520333171482765,0.24298704,0.26062304,0.16940705478191376,0.3467741935483871
hotel_98,2023-06-25,0.16129032258064516,0.08870967741935484,0.039377439727794616,0.14748342651584462,-0.3660065526755303,0.1582343,0.17034076,0.12076543271541595,0.13709677419354838
hotel_98,2023-06-26,0.16129032258064516,0.056451612903225805,0.021734439346263505,0.1450176407823665,-0.3755226080659946,0.092685185,0.109089784,0.10566974431276321,0.10483870967741936
hotel_98,2023-06-27,0.16129032258064516,0.04838709677419355,0.022665848368396288,0.14440119434899698,-0.3658755981860822,0.14325336,0.11980693,0.07212380319833755,0.0967741935483871
hotel_98,2023-06-28,0.16129032258064516,0.08870967741935484,0.01747963288903117,0.14748342651584462,-0.32413700121328826,0.1214094,0.13461362,0.06373731046915054,0.18548387096774194
hotel_98,2023-06-29,0.16129032258064516,0.11290322580645161,0.04957727825946995,0.1493327658159532,-0.311069416497608,0.19355693,0.15796193,0.06373731046915054,0.4112903225806452
hotel_98,2023-06-30,0.16129032258064516,0.16129032258064516,0.16129561302280312,0.15303144441617036,-0.3010145674674396,0.26296553,0.22413687,0.08051028847694397,0.5
